Round,Date,Team 1,FT,HT,Team 2
?,(Fri) 11 Aug 2000 (W32),Hannover 96 (1),1-1,0-0,1. FC Nürnberg (1)
?,(Fri) 11 Aug 2000 (W32),Stuttgarter Kickers (1),1-0,1-0,Rot-Weiß Oberhausen (1)
?,(Sat) 12 Aug 2000 (W32),Rot Weiss Ahlen (1),3-6,2-2,FC St. Pauli (1)
?,(Sat) 12 Aug 2000 (W32),Bor. Mönchengladbach (1),0-0,0-0,1. FC Saarbrücken (1)
?,(Sun) 13 Aug 2000 (W32),Arminia Bielefeld (1),3-1,1-1,Osnabrück (1)
?,(Sun) 13 Aug 2000 (W32),Greuther Fürth (1),4-1,1-0,Chemnitzer FC (1)
?,(Sun) 13 Aug 2000 (W32),VfR Mannheim (1),3-0,1-0,Alemannia Aachen (1)
?,(Sun) 13 Aug 2000 (W32),SSV Reutlingen 05 (1),3-2,1-1,1. FSV Mainz 05 (1)
?,(Mon) 14 Aug 2000 (W33),MSV Duisburg (1),1-2,0-1,SSV Ulm 1846 (1)
?,(Fri) 18 Aug 2000 (W33),Chemnitzer FC (2),0-2,0-0,Hannover 96 (2)
?,(Fri) 18 Aug 2000 (W33),FC St. Pauli (2),5-0,4-0,VfR Mannheim (2)
?,(Sat) 19 Aug 2000 (W33),Alemannia Aachen (2),4-1,1-0,SSV Reutlingen 05 (2)
?,(Sat) 19 Aug 2000 (W33),Osnabrück (2),1-3,1-0,Bor. Mönchengladbach (2)
?,(Sun) 20 Aug 2000 (W33),1. FSV Mainz 05 (2),2-2,1-2,Stuttgarter Kickers (2)
?,(Sun) 20 Aug 2000 (W33),1. FC Nürnberg (2),2-0,2-0,Rot Weiss Ahlen (2)
?,(Sun) 20 Aug 2000 (W33),Rot-Weiß Oberhausen (2),1-0,1-0,MSV Duisburg (2)
?,(Sun) 20 Aug 2000 (W33),1. FC Saarbrücken (2),2-1,1-1,Greuther Fürth (2)
?,(Mon) 21 Aug 2000 (W34),SSV Ulm 1846 (2),0-1,0-1,Arminia Bielefeld (2)
?,(Mon) 4 Sep 2000 (W36),Bor. Mönchengladbach (3),5-0,2-0,SSV Ulm 1846 (3)
?,(Tue) 5 Sep 2000 (W36),Arminia Bielefeld (3),2-0,2-0,Rot-Weiß Oberhausen (3)
?,(Tue) 5 Sep 2000 (W36),Chemnitzer FC (3),1-3,0-2,1. FC Saarbrücken (3)
?,(Tue) 5 Sep 2000 (W36),MSV Duisburg (3),0-0,0-0,1. FSV Mainz 05 (3)
?,(Tue) 5 Sep 2000 (W36),Hannover 96 (3),1-1,0-1,Rot Weiss Ahlen (3)
?,(Tue) 5 Sep 2000 (W36),SSV Reutlingen 05 (3),2-0,0-0,FC St. Pauli (3)
?,(Wed) 6 Sep 2000 (W36),Greuther Fürth (3),2-0,1-0,Osnabrück (3)
?,(Wed) 6 Sep 2000 (W36),VfR Mannheim (3),1-4,0-2,1. FC Nürnberg (3)
?,(Wed) 6 Sep 2000 (W36),Stuttgarter Kickers (3),0-3,0-0,Alemannia Aachen (3)
?,(Fri) 8 Sep 2000 (W36),1. FSV Mainz 05 (4),2-4,2-4,Arminia Bielefeld (4)
?,(Fri) 8 Sep 2000 (W36),1. FC Saarbrücken (4),2-1,1-0,Hannover 96 (4)
?,(Sat) 9 Sep 2000 (W36),Rot Weiss Ahlen (4),1-2,1-0,VfR Mannheim (4)
?,(Sat) 9 Sep 2000 (W36),1. FC Nürnberg (4),2-0,2-0,SSV Reutlingen 05 (4)
?,(Sun) 10 Sep 2000 (W36),Rot-Weiß Oberhausen (4),1-1,0-1,Bor. Mönchengladbach (4)
?,(Sun) 10 Sep 2000 (W36),Osnabrück (4),1-1,1-0,Chemnitzer FC (4)
?,(Sun) 10 Sep 2000 (W36),FC St. Pauli (4),4-0,2-0,Stuttgarter Kickers (4)
?,(Sun) 10 Sep 2000 (W36),SSV Ulm 1846 (4),2-2,0-0,Greuther Fürth (4)
?,(Mon) 11 Sep 2000 (W37),Alemannia Aachen (4),1-0,0-0,MSV Duisburg (4)
?,(Fri) 15 Sep 2000 (W37),MSV Duisburg (5),4-1,3-1,FC St. Pauli (5)
?,(Fri) 15 Sep 2000 (W37),Hannover 96 (5),3-0,0-0,VfR Mannheim (5)
?,(Sat) 16 Sep 2000 (W37),Bor. Mönchengladbach (5),1-1,1-1,1. FSV Mainz 05 (5)
?,(Sat) 16 Sep 2000 (W37),SSV Reutlingen 05 (5),5-1,1-1,Rot Weiss Ahlen (5)
?,(Sun) 17 Sep 2000 (W37),Chemnitzer FC (5),1-0,1-0,SSV Ulm 1846 (5)
?,(Sun) 17 Sep 2000 (W37),Greuther Fürth (5),1-2,1-0,Rot-Weiß Oberhausen (5)
?,(Sun) 17 Sep 2000 (W37),1. FC Saarbrücken (5),2-1,1-1,Osnabrück (5)
?,(Sun) 17 Sep 2000 (W37),Stuttgarter Kickers (5),0-2,0-0,1. FC Nürnberg (5)
?,(Mon) 18 Sep 2000 (W38),Arminia Bielefeld (5),1-1,1-1,Alemannia Aachen (5)
?,(Fri) 22 Sep 2000 (W38),1. FC Nürnberg (6),3-1,1-1,MSV Duisburg (6)
?,(Fri) 22 Sep 2000 (W38),SSV Ulm 1846 (6),3-1,1-0,1. FC Saarbrücken (6)
?,(Sat) 23 Sep 2000 (W38),VfR Mannheim (6),1-1,0-1,SSV Reutlingen 05 (6)
?,(Sat) 23 Sep 2000 (W38),FC St. Pauli (6),2-0,0-0,Arminia Bielefeld (6)
?,(Sun) 24 Sep 2000 (W38),Rot Weiss Ahlen (6),1-1,0-0,Stuttgarter Kickers (6)
?,(Sun) 24 Sep 2000 (W38),1. FSV Mainz 05 (6),1-0,1-0,Greuther Fürth (6)
?,(Sun) 24 Sep 2000 (W38),Rot-Weiß Oberhausen (6),4-1,2-0,Chemnitzer FC (6)
?,(Sun) 24 Sep 2000 (W38),Osnabrück (6),0-1,0-0,Hannover 96 (6)
?,(Mon) 25 Sep 2000 (W39),Alemannia Aachen (6),1-1,1-1,Bor. Mönchengladbach (6)
?,(Fri) 29 Sep 2000 (W39),MSV Duisburg (7),3-3,1-2,Rot Weiss Ahlen (7)
?,(Fri) 29 Sep 2000 (W39),1. FC Saarbrücken (7),3-2,2-0,Rot-Weiß Oberhausen (7)
?,(Sat) 30 Sep 2000 (W39),Bor. Mönchengladbach (7),4-2,1-1,FC St. Pauli (7)
?,(Sat) 30 Sep 2000 (W39),Stuttgarter Kickers (7),2-2,1-1,VfR Mannheim (7)
?,(Sun) 1 Oct 2000 (W39),Chemnitzer FC (7),0-2,0-0,1. FSV Mainz 05 (7)
?,(Sun) 1 Oct 2000 (W39),Greuther Fürth (7),3-0,1-0,Alemannia Aachen (7)
?,(Sun) 1 Oct 2000 (W39),Hannover 96 (7),5-1,2-1,SSV Reutlingen 05 (7)
?,(Sun) 1 Oct 2000 (W39),Osnabrück (7),2-1,2-0,SSV Ulm 1846 (7)
?,(Mon) 2 Oct 2000 (W40),Arminia Bielefeld (7),1-2,1-0,1. FC Nürnberg (7)
?,(Fri) 13 Oct 2000 (W41),Alemannia Aachen (8),1-2,0-1,Chemnitzer FC (8)
?,(Fri) 13 Oct 2000 (W41),VfR Mannheim (8),1-0,1-0,MSV Duisburg (8)
?,(Sat) 14 Oct 2000 (W41),Rot Weiss Ahlen (8),1-1,1-0,Arminia Bielefeld (8)
?,(Sat) 14 Oct 2000 (W41),1. FSV Mainz 05 (8),1-0,1-0,1. FC Saarbrücken (8)
?,(Sun) 15 Oct 2000 (W41),Rot-Weiß Oberhausen (8),5-2,1-0,Osnabrück (8)
?,(Sun) 15 Oct 2000 (W41),SSV Reutlingen 05 (8),1-0,0-0,Stuttgarter Kickers (8)
?,(Sun) 15 Oct 2000 (W41),FC St. Pauli (8),3-3,3-0,Greuther Fürth (8)
?,(Sun) 15 Oct 2000 (W41),SSV Ulm 1846 (8),3-3,1-0,Hannover 96 (8)
?,(Mon) 16 Oct 2000 (W42),1. FC Nürnberg (8),2-1,1-0,Bor. Mönchengladbach (8)
?,(Fri) 20 Oct 2000 (W42),Arminia Bielefeld (9),0-0,0-0,VfR Mannheim (9)
?,(Fri) 20 Oct 2000 (W42),Chemnitzer FC (9),1-3,1-0,FC St. Pauli (9)
?,(Sat) 21 Oct 2000 (W42),Greuther Fürth (9),0-0,0-0,1. FC Nürnberg (9)
?,(Sat) 21 Oct 2000 (W42),Hannover 96 (9),1-0,0-0,Stuttgarter Kickers (9)
?,(Sun) 22 Oct 2000 (W42),MSV Duisburg (9),4-3,2-1,SSV Reutlingen 05 (9)
?,(Sun) 22 Oct 2000 (W42),Osnabrück (9),2-1,1-0,1. FSV Mainz 05 (9)
?,(Sun) 22 Oct 2000 (W42),1. FC Saarbrücken (9),1-3,1-0,Alemannia Aachen (9)
?,(Sun) 22 Oct 2000 (W42),SSV Ulm 1846 (9),0-1,0-0,Rot-Weiß Oberhausen (9)
?,(Mon) 23 Oct 2000 (W43),Bor. Mönchengladbach (9),1-2,0-0,Rot Weiss Ahlen (9)
?,(Fri) 27 Oct 2000 (W43),1. FC Nürnberg (10),3-1,2-0,Chemnitzer FC (10)
?,(Fri) 27 Oct 2000 (W43),SSV Reutlingen 05 (10),3-2,2-1,Arminia Bielefeld (10)
?,(Sat) 28 Oct 2000 (W43),Alemannia Aachen (10),0-0,0-0,Osnabrück (10)
?,(Sat) 28 Oct 2000 (W43),1. FSV Mainz 05 (10),0-3,0-0,SSV Ulm 1846 (10)
?,(Sun) 29 Oct 2000 (W43),Rot Weiss Ahlen (10),2-0,1-0,Greuther Fürth (10)
?,(Sun) 29 Oct 2000 (W43),VfR Mannheim (10),4-0,1-0,Bor. Mönchengladbach (10)
?,(Sun) 29 Oct 2000 (W43),Rot-Weiß Oberhausen (10),0-0,0-0,Hannover 96 (10)
?,(Sun) 29 Oct 2000 (W43),FC St. Pauli (10),2-2,2-0,1. FC Saarbrücken (10)
?,(Sun) 29 Oct 2000 (W43),Stuttgarter Kickers (10),0-0,0-0,MSV Duisburg (10)
?,(Fri) 3 Nov 2000 (W44),Arminia Bielefeld (11),0-0,0-0,Stuttgarter Kickers (11)
?,(Fri) 3 Nov 2000 (W44),Chemnitzer FC (11),2-2,2-1,Rot Weiss Ahlen (11)
?,(Sat) 4 Nov 2000 (W44),Hannover 96 (11),0-2,0-0,MSV Duisburg (11)
?,(Sat) 4 Nov 2000 (W44),Rot-Weiß Oberhausen (11),1-0,0-0,1. FSV Mainz 05 (11)
?,(Sun) 5 Nov 2000 (W44),Greuther Fürth (11),2-1,1-1,VfR Mannheim (11)
?,(Sun) 5 Nov 2000 (W44),Bor. Mönchengladbach (11),1-1,1-1,SSV Reutlingen 05 (11)
?,(Sun) 5 Nov 2000 (W44),Osnabrück (11),0-0,0-0,FC St. Pauli (11)
?,(Sun) 5 Nov 2000 (W44),SSV Ulm 1846 (11),3-1,0-0,Alemannia Aachen (11)
?,(Mon) 6 Nov 2000 (W45),1. FC Saarbrücken (11),2-2,1-0,1. FC Nürnberg (11)
?,(Fri) 10 Nov 2000 (W45),MSV Duisburg (12),2-1,1-0,Arminia Bielefeld (12)
?,(Fri) 10 Nov 2000 (W45),VfR Mannheim (12),0-0,0-0,Chemnitzer FC (12)
?,(Sat) 11 Nov 2000 (W45),1. FSV Mainz 05 (12),0-2,0-0,Hannover 96 (12)
?,(Sat) 11 Nov 2000 (W45),FC St. Pauli (12),1-0,1-0,SSV Ulm 1846 (12)
?,(Sun) 12 Nov 2000 (W45),Alemannia Aachen (12),3-1,3-0,Rot-Weiß Oberhausen (12)
?,(Sun) 12 Nov 2000 (W45),Rot Weiss Ahlen (12),2-0,1-0,1. FC Saarbrücken (12)
?,(Sun) 12 Nov 2000 (W45),SSV Reutlingen 05 (12),2-2,1-1,Greuther Fürth (12)
?,(Sun) 12 Nov 2000 (W45),Stuttgarter Kickers (12),1-1,0-0,Bor. Mönchengladbach (12)
?,(Mon) 13 Nov 2000 (W46),1. FC Nürnberg (12),3-1,2-0,Osnabrück (12)
?,(Fri) 17 Nov 2000 (W46),1. FSV Mainz 05 (13),1-1,0-0,Alemannia Aachen (13)
?,(Fri) 17 Nov 2000 (W46),SSV Ulm 1846 (13),0-1,0-1,1. FC Nürnberg (13)
?,(Sat) 18 Nov 2000 (W46),Osnabrück (13),1-1,0-1,Rot Weiss Ahlen (13)
?,(Sun) 19 Nov 2000 (W46),Chemnitzer FC (13),1-3,1-2,SSV Reutlingen 05 (13)
?,(Sun) 19 Nov 2000 (W46),Greuther Fürth (13),2-0,0-0,Stuttgarter Kickers (13)
?,(Sun) 19 Nov 2000 (W46),Bor. Mönchengladbach (13),1-1,0-1,MSV Duisburg (13)
?,(Sun) 19 Nov 2000 (W46),Rot-Weiß Oberhausen (13),2-3,2-1,FC St. Pauli (13)
?,(Mon) 20 Nov 2000 (W47),Hannover 96 (13),4-2,3-1,Arminia Bielefeld (13)
?,(Mon) 20 Nov 2000 (W47),1. FC Saarbrücken (13),3-3,2-2,VfR Mannheim (13)
?,(Fri) 24 Nov 2000 (W47),Alemannia Aachen (14),0-4,0-3,Hannover 96 (14)
?,(Fri) 24 Nov 2000 (W47),MSV Duisburg (14),0-0,0-0,Greuther Fürth (14)
?,(Sat) 25 Nov 2000 (W47),Rot Weiss Ahlen (14),1-0,1-0,SSV Ulm 1846 (14)
?,(Sat) 25 Nov 2000 (W47),Arminia Bielefeld (14),1-2,1-0,Bor. Mönchengladbach (14)
?,(Sun) 26 Nov 2000 (W47),VfR Mannheim (14),2-0,0-0,Osnabrück (14)
?,(Sun) 26 Nov 2000 (W47),1. FC Nürnberg (14),2-1,1-0,Rot-Weiß Oberhausen (14)
?,(Sun) 26 Nov 2000 (W47),SSV Reutlingen 05 (14),8-2,3-0,1. FC Saarbrücken (14)
?,(Sun) 26 Nov 2000 (W47),Stuttgarter Kickers (14),4-0,1-0,Chemnitzer FC (14)
?,(Mon) 27 Nov 2000 (W48),FC St. Pauli (14),2-2,0-0,1. FSV Mainz 05 (14)
?,(Fri) 1 Dec 2000 (W48),Chemnitzer FC (15),1-3,1-1,MSV Duisburg (15)
?,(Fri) 1 Dec 2000 (W48),Greuther Fürth (15),1-0,0-0,Arminia Bielefeld (15)
?,(Sat) 2 Dec 2000 (W48),Osnabrück (15),0-2,0-1,SSV Reutlingen 05 (15)
?,(Sat) 2 Dec 2000 (W48),1. FC Saarbrücken (15),1-0,0-0,Stuttgarter Kickers (15)
?,(Sun) 3 Dec 2000 (W48),1. FSV Mainz 05 (15),2-0,1-0,1. FC Nürnberg (15)
?,(Sun) 3 Dec 2000 (W48),Rot-Weiß Oberhausen (15),1-0,0-0,Rot Weiss Ahlen (15)
?,(Sun) 3 Dec 2000 (W48),FC St. Pauli (15),3-3,1-2,Alemannia Aachen (15)
?,(Sun) 3 Dec 2000 (W48),SSV Ulm 1846 (15),1-0,1-0,VfR Mannheim (15)
?,(Mon) 4 Dec 2000 (W49),Bor. Mönchengladbach (15),2-0,1-0,Hannover 96 (15)
?,(Fri) 8 Dec 2000 (W49),MSV Duisburg (16),2-1,1-1,1. FC Saarbrücken (16)
?,(Fri) 8 Dec 2000 (W49),SSV Reutlingen 05 (16),2-2,1-1,SSV Ulm 1846 (16)
?,(Sat) 9 Dec 2000 (W49),Arminia Bielefeld (16),5-1,2-0,Chemnitzer FC (16)
?,(Sat) 9 Dec 2000 (W49),Stuttgarter Kickers (16),2-1,1-0,Osnabrück (16)
?,(Sun) 10 Dec 2000 (W49),Rot Weiss Ahlen (16),1-0,1-0,1. FSV Mainz 05 (16)
?,(Sun) 10 Dec 2000 (W49),Bor. Mönchengladbach (16),3-1,1-0,Greuther Fürth (16)
?,(Sun) 10 Dec 2000 (W49),VfR Mannheim (16),5-0,1-0,Rot-Weiß Oberhausen (16)
?,(Sun) 10 Dec 2000 (W49),1. FC Nürnberg (16),6-1,3-1,Alemannia Aachen (16)
?,(Mon) 11 Dec 2000 (W50),Hannover 96 (16),1-1,1-0,FC St. Pauli (16)
?,(Tue) 12 Dec 2000 (W50),Osnabrück (17),1-3,1-1,MSV Duisburg (17)
?,(Tue) 12 Dec 2000 (W50),1. FC Saarbrücken (17),1-0,1-0,Arminia Bielefeld (17)
?,(Tue) 12 Dec 2000 (W50),SSV Ulm 1846 (17),1-1,0-1,Stuttgarter Kickers (17)
?,(Wed) 13 Dec 2000 (W50),Alemannia Aachen (17),4-3,1-1,Rot Weiss Ahlen (17)
?,(Wed) 13 Dec 2000 (W50),Chemnitzer FC (17),0-3,0-1,Bor. Mönchengladbach (17)
?,(Wed) 13 Dec 2000 (W50),1. FSV Mainz 05 (17),0-1,0-0,VfR Mannheim (17)
?,(Wed) 13 Dec 2000 (W50),Rot-Weiß Oberhausen (17),2-0,1-0,SSV Reutlingen 05 (17)
?,(Thu) 14 Dec 2000 (W50),Greuther Fürth (17),2-1,1-0,Hannover 96 (17)
?,(Thu) 14 Dec 2000 (W50),FC St. Pauli (17),1-0,0-0,1. FC Nürnberg (17)
?,(Fri) 15 Dec 2000 (W50),Osnabrück (18),1-0,0-0,Arminia Bielefeld (18)
?,(Fri) 15 Dec 2000 (W50),SSV Ulm 1846 (18),1-3,1-2,MSV Duisburg (18)
?,(Sat) 16 Dec 2000 (W50),1. FSV Mainz 05 (18),1-1,0-0,SSV Reutlingen 05 (18)
?,(Sat) 16 Dec 2000 (W50),Rot-Weiß Oberhausen (18),1-3,1-1,Stuttgarter Kickers (18)
?,(Sun) 17 Dec 2000 (W50),Chemnitzer FC (18),0-2,0-1,Greuther Fürth (18)
?,(Sun) 17 Dec 2000 (W50),1. FC Nürnberg (18),4-2,2-1,Hannover 96 (18)
?,(Sun) 17 Dec 2000 (W50),1. FC Saarbrücken (18),0-4,0-1,Bor. Mönchengladbach (18)
?,(Sun) 17 Dec 2000 (W50),FC St. Pauli (18),3-2,1-1,Rot Weiss Ahlen (18)
?,(Mon) 18 Dec 2000 (W51),Alemannia Aachen (18),0-1,0-0,VfR Mannheim (18)
?,(Fri) 26 Jan 2001 (W4),Hannover 96 (19),0-0,0-0,Chemnitzer FC (19)
?,(Fri) 26 Jan 2001 (W4),VfR Mannheim (19),2-1,1-0,FC St. Pauli (19)
?,(Sat) 27 Jan 2001 (W4),Bor. Mönchengladbach (19),0-0,0-0,Osnabrück (19)
?,(Sat) 27 Jan 2001 (W4),SSV Reutlingen 05 (19),3-1,1-1,Alemannia Aachen (19)
?,(Sun) 28 Jan 2001 (W4),Rot Weiss Ahlen (19),0-1,0-1,1. FC Nürnberg (19)
?,(Sun) 28 Jan 2001 (W4),MSV Duisburg (19),1-2,0-0,Rot-Weiß Oberhausen (19)
?,(Sun) 28 Jan 2001 (W4),Greuther Fürth (19),0-1,0-1,1. FC Saarbrücken (19)
?,(Sun) 28 Jan 2001 (W4),Stuttgarter Kickers (19),0-0,0-0,1. FSV Mainz 05 (19)
?,(Mon) 29 Jan 2001 (W5),Arminia Bielefeld (19),1-1,1-1,SSV Ulm 1846 (19)
?,(Fri) 2 Feb 2001 (W5),Rot Weiss Ahlen (20),2-1,0-0,Hannover 96 (20)
?,(Fri) 2 Feb 2001 (W5),1. FC Nürnberg (20),1-0,0-0,VfR Mannheim (20)
?,(Sun) 4 Feb 2001 (W5),Osnabrück (20),2-1,1-0,Greuther Fürth (20)
?,(Fri) 9 Feb 2001 (W6),Hannover 96 (21),3-0,1-0,1. FC Saarbrücken (20)
?,(Fri) 9 Feb 2001 (W6),Stuttgarter Kickers (20),0-2,0-1,FC St. Pauli (20)
?,(Sat) 10 Feb 2001 (W6),Chemnitzer FC (20),1-2,0-0,Osnabrück (21)
?,(Sat) 10 Feb 2001 (W6),Bor. Mönchengladbach (20),1-0,1-0,Rot-Weiß Oberhausen (20)
?,(Sun) 11 Feb 2001 (W6),Arminia Bielefeld (20),4-1,2-0,1. FSV Mainz 05 (20)
?,(Sun) 11 Feb 2001 (W6),Greuther Fürth (21),1-0,0-0,SSV Ulm 1846 (20)
?,(Sun) 11 Feb 2001 (W6),VfR Mannheim (21),0-3,0-0,Rot Weiss Ahlen (21)
?,(Sun) 11 Feb 2001 (W6),SSV Reutlingen 05 (20),3-2,0-1,1. FC Nürnberg (21)
?,(Mon) 12 Feb 2001 (W7),MSV Duisburg (20),4-0,0-0,Alemannia Aachen (20)
?,(Wed) 14 Feb 2001 (W7),Rot-Weiß Oberhausen (21),0-0,0-0,Arminia Bielefeld (21)
?,(Wed) 14 Feb 2001 (W7),1. FC Saarbrücken (21),4-1,1-1,Chemnitzer FC (21)
?,(Wed) 14 Feb 2001 (W7),SSV Ulm 1846 (21),2-4,0-1,Bor. Mönchengladbach (21)
?,(Fri) 16 Feb 2001 (W7),VfR Mannheim (22),2-1,1-0,Hannover 96 (22)
?,(Fri) 16 Feb 2001 (W7),1. FC Nürnberg (22),2-1,1-1,Stuttgarter Kickers (21)
?,(Sat) 17 Feb 2001 (W7),1. FSV Mainz 05 (21),0-1,0-0,Bor. Mönchengladbach (22)
?,(Sat) 17 Feb 2001 (W7),Rot-Weiß Oberhausen (22),2-2,0-1,Greuther Fürth (22)
?,(Sun) 18 Feb 2001 (W7),Rot Weiss Ahlen (22),3-1,3-1,SSV Reutlingen 05 (21)
?,(Sun) 18 Feb 2001 (W7),Osnabrück (22),2-2,1-1,1. FC Saarbrücken (22)
?,(Sun) 18 Feb 2001 (W7),FC St. Pauli (21),1-0,1-0,MSV Duisburg (21)
?,(Sun) 18 Feb 2001 (W7),SSV Ulm 1846 (22),3-0,2-0,Chemnitzer FC (22)
?,(Mon) 19 Feb 2001 (W8),Alemannia Aachen (21),1-0,1-0,Arminia Bielefeld (22)
?,(Fri) 23 Feb 2001 (W8),MSV Duisburg (22),3-2,1-2,1. FC Nürnberg (23)
?,(Fri) 23 Feb 2001 (W8),1. FC Saarbrücken (23),1-1,0-1,SSV Ulm 1846 (23)
?,(Sat) 24 Feb 2001 (W8),Arminia Bielefeld (23),3-3,1-0,FC St. Pauli (22)
?,(Sat) 24 Feb 2001 (W8),Bor. Mönchengladbach (23),6-1,0-0,Alemannia Aachen (22)
?,(Sun) 25 Feb 2001 (W8),Greuther Fürth (23),3-1,1-0,1. FSV Mainz 05 (22)
?,(Sun) 25 Feb 2001 (W8),SSV Reutlingen 05 (22),1-1,0-1,VfR Mannheim (23)
?,(Mon) 26 Feb 2001 (W9),Hannover 96 (23),1-1,0-0,Osnabrück (23)
?,(Wed) 28 Feb 2001 (W9),Alemannia Aachen (23),3-0,0-0,Stuttgarter Kickers (22)
?,(Wed) 28 Feb 2001 (W9),1. FSV Mainz 05 (23),1-0,1-0,MSV Duisburg (23)
?,(Thu) 1 Mar 2001 (W9),FC St. Pauli (23),1-0,1-0,SSV Reutlingen 05 (23)
?,(Fri) 2 Mar 2001 (W9),SSV Ulm 1846 (24),1-1,0-1,Osnabrück (24)
?,(Sat) 3 Mar 2001 (W9),1. FSV Mainz 05 (24),3-1,1-1,Chemnitzer FC (23)
?,(Sat) 3 Mar 2001 (W9),1. FC Nürnberg (24),2-1,2-0,Arminia Bielefeld (24)
?,(Sun) 4 Mar 2001 (W9),Alemannia Aachen (24),0-0,0-0,Greuther Fürth (24)
?,(Sun) 4 Mar 2001 (W9),Rot Weiss Ahlen (23),3-2,1-1,MSV Duisburg (24)
?,(Sun) 4 Mar 2001 (W9),VfR Mannheim (24),4-2,2-1,Stuttgarter Kickers (23)
?,(Sun) 4 Mar 2001 (W9),SSV Reutlingen 05 (24),3-0,2-0,Hannover 96 (24)
?,(Mon) 5 Mar 2001 (W10),FC St. Pauli (24),0-2,0-1,Bor. Mönchengladbach (24)
?,(Fri) 9 Mar 2001 (W10),MSV Duisburg (25),0-1,0-0,VfR Mannheim (25)
?,(Fri) 9 Mar 2001 (W10),Osnabrück (25),0-0,0-0,Rot-Weiß Oberhausen (23)
?,(Sat) 10 Mar 2001 (W10),Arminia Bielefeld (25),1-1,0-0,Rot Weiss Ahlen (24)
?,(Sat) 10 Mar 2001 (W10),1. FC Saarbrücken (24),1-1,1-1,1. FSV Mainz 05 (25)
?,(Sun) 11 Mar 2001 (W10),Chemnitzer FC (24),2-3,0-1,Alemannia Aachen (25)
?,(Sun) 11 Mar 2001 (W10),Greuther Fürth (25),5-1,2-0,FC St. Pauli (25)
?,(Sun) 11 Mar 2001 (W10),Hannover 96 (25),2-0,1-0,SSV Ulm 1846 (25)
?,(Sun) 11 Mar 2001 (W10),Stuttgarter Kickers (24),1-0,1-0,SSV Reutlingen 05 (25)
?,(Mon) 12 Mar 2001 (W11),Bor. Mönchengladbach (25),1-1,1-0,1. FC Nürnberg (25)
?,(Fri) 16 Mar 2001 (W11),Alemannia Aachen (26),1-0,1-0,1. FC Saarbrücken (25)
?,(Fri) 16 Mar 2001 (W11),Stuttgarter Kickers (25),2-0,1-0,Hannover 96 (26)
?,(Sat) 17 Mar 2001 (W11),1. FC Nürnberg (26),0-1,0-1,Greuther Fürth (26)
?,(Sat) 17 Mar 2001 (W11),Rot-Weiß Oberhausen (24),3-1,2-1,SSV Ulm 1846 (26)
?,(Sun) 18 Mar 2001 (W11),Rot Weiss Ahlen (25),2-1,2-1,Bor. Mönchengladbach (26)
?,(Sun) 18 Mar 2001 (W11),1. FSV Mainz 05 (26),2-0,1-0,Osnabrück (26)
?,(Sun) 18 Mar 2001 (W11),SSV Reutlingen 05 (26),0-1,0-1,MSV Duisburg (26)
?,(Sun) 18 Mar 2001 (W11),FC St. Pauli (26),3-0,1-0,Chemnitzer FC (25)
?,(Mon) 19 Mar 2001 (W12),VfR Mannheim (26),3-3,1-2,Arminia Bielefeld (26)
?,(Wed) 21 Mar 2001 (W12),Chemnitzer FC (26),0-1,0-0,Rot-Weiß Oberhausen (25)
?,(Wed) 21 Mar 2001 (W12),Stuttgarter Kickers (26),1-1,0-0,Rot Weiss Ahlen (26)
?,(Fri) 30 Mar 2001 (W13),Chemnitzer FC (27),1-1,0-1,1. FC Nürnberg (27)
?,(Fri) 30 Mar 2001 (W13),1. FC Saarbrücken (26),1-0,1-0,FC St. Pauli (27)
?,(Sat) 31 Mar 2001 (W13),Arminia Bielefeld (27),3-1,3-0,SSV Reutlingen 05 (27)
?,(Sat) 31 Mar 2001 (W13),Hannover 96 (27),3-0,0-0,Rot-Weiß Oberhausen (26)
?,(Sun) 1 Apr 2001 (W13),MSV Duisburg (27),0-0,0-0,Stuttgarter Kickers (27)
?,(Sun) 1 Apr 2001 (W13),Greuther Fürth (27),2-4,0-0,Rot Weiss Ahlen (27)
?,(Sun) 1 Apr 2001 (W13),Osnabrück (27),5-1,4-1,Alemannia Aachen (27)
?,(Sun) 1 Apr 2001 (W13),SSV Ulm 1846 (27),0-2,0-0,1. FSV Mainz 05 (27)
?,(Mon) 2 Apr 2001 (W14),Bor. Mönchengladbach (27),3-0,0-0,VfR Mannheim (27)
?,(Fri) 6 Apr 2001 (W14),MSV Duisburg (28),2-1,2-1,Hannover 96 (28)
?,(Fri) 6 Apr 2001 (W14),1. FC Nürnberg (28),0-1,0-0,1. FC Saarbrücken (27)
?,(Sat) 7 Apr 2001 (W14),Rot Weiss Ahlen (28),5-2,3-2,Chemnitzer FC (28)
?,(Sat) 7 Apr 2001 (W14),VfR Mannheim (28),2-1,1-1,Greuther Fürth (28)
?,(Sun) 8 Apr 2001 (W14),Alemannia Aachen (28),1-0,0-0,SSV Ulm 1846 (28)
?,(Sun) 8 Apr 2001 (W14),1. FSV Mainz 05 (28),1-0,0-0,Rot-Weiß Oberhausen (27)
?,(Sun) 8 Apr 2001 (W14),FC St. Pauli (28),2-4,0-3,Osnabrück (28)
?,(Sun) 8 Apr 2001 (W14),Stuttgarter Kickers (28),2-1,1-1,Arminia Bielefeld (28)
?,(Mon) 9 Apr 2001 (W15),SSV Reutlingen 05 (28),3-1,2-0,Bor. Mönchengladbach (28)
?,(Wed) 11 Apr 2001 (W15),Rot-Weiß Oberhausen (28),4-1,1-0,1. FC Saarbrücken (28)
?,(Thu) 12 Apr 2001 (W15),Arminia Bielefeld (29),1-1,0-0,MSV Duisburg (29)
?,(Thu) 12 Apr 2001 (W15),Chemnitzer FC (29),0-0,0-0,VfR Mannheim (29)
?,(Sat) 14 Apr 2001 (W15),Hannover 96 (29),2-4,2-2,1. FSV Mainz 05 (29)
?,(Sat) 14 Apr 2001 (W15),Rot-Weiß Oberhausen (29),3-0,0-0,Alemannia Aachen (29)
?,(Sun) 15 Apr 2001 (W15),Greuther Fürth (29),1-0,0-0,SSV Reutlingen 05 (29)
?,(Sun) 15 Apr 2001 (W15),Bor. Mönchengladbach (29),1-0,0-0,Stuttgarter Kickers (29)
?,(Sun) 15 Apr 2001 (W15),SSV Ulm 1846 (29),1-4,0-3,FC St. Pauli (29)
?,(Mon) 16 Apr 2001 (W16),Osnabrück (29),2-1,1-1,1. FC Nürnberg (29)
?,(Fri) 20 Apr 2001 (W16),Alemannia Aachen (30),1-0,1-0,1. FSV Mainz 05 (30)
?,(Fri) 20 Apr 2001 (W16),VfR Mannheim (30),2-3,2-1,1. FC Saarbrücken (29)
?,(Sat) 21 Apr 2001 (W16),FC St. Pauli (30),4-1,3-1,Rot-Weiß Oberhausen (30)
?,(Sun) 22 Apr 2001 (W16),Rot Weiss Ahlen (29),1-0,1-0,Osnabrück (30)
?,(Sun) 22 Apr 2001 (W16),Arminia Bielefeld (30),5-2,2-0,Hannover 96 (30)
?,(Sun) 22 Apr 2001 (W16),1. FC Nürnberg (30),1-2,0-2,SSV Ulm 1846 (30)
?,(Sun) 22 Apr 2001 (W16),Stuttgarter Kickers (30),0-5,0-2,Greuther Fürth (30)
?,(Mon) 23 Apr 2001 (W17),MSV Duisburg (30),0-2,0-1,Bor. Mönchengladbach (30)
?,(Wed) 25 Apr 2001 (W17),SSV Reutlingen 05 (30),2-0,2-0,Chemnitzer FC (30)
?,(Wed) 25 Apr 2001 (W17),1. FC Saarbrücken (30),1-2,1-0,Rot Weiss Ahlen (30)
?,(Fri) 27 Apr 2001 (W17),Hannover 96 (31),0-0,0-0,Alemannia Aachen (31)
?,(Fri) 27 Apr 2001 (W17),Bor. Mönchengladbach (31),0-1,0-0,Arminia Bielefeld (31)
?,(Sat) 28 Apr 2001 (W17),Chemnitzer FC (31),0-2,0-0,Stuttgarter Kickers (31)
?,(Sat) 28 Apr 2001 (W17),1. FSV Mainz 05 (31),1-1,0-1,FC St. Pauli (31)
?,(Sun) 29 Apr 2001 (W17),Rot-Weiß Oberhausen (31),1-2,0-2,1. FC Nürnberg (31)
?,(Sun) 29 Apr 2001 (W17),Osnabrück (31),0-2,0-1,VfR Mannheim (31)
?,(Sun) 29 Apr 2001 (W17),1. FC Saarbrücken (31),2-2,1-1,SSV Reutlingen 05 (31)
?,(Sun) 29 Apr 2001 (W17),SSV Ulm 1846 (31),2-0,0-0,Rot Weiss Ahlen (31)
?,(Mon) 30 Apr 2001 (W18),Greuther Fürth (31),1-0,0-0,MSV Duisburg (31)
?,(Fri) 4 May 2001 (W18),MSV Duisburg (32),1-1,1-0,Chemnitzer FC (32)
?,(Fri) 4 May 2001 (W18),Stuttgarter Kickers (32),0-1,0-1,1. FC Saarbrücken (32)
?,(Sat) 5 May 2001 (W18),Alemannia Aachen (32),0-1,0-1,FC St. Pauli (32)
?,(Sun) 6 May 2001 (W18),Arminia Bielefeld (32),1-1,1-0,Greuther Fürth (32)
?,(Sun) 6 May 2001 (W18),1. FC Nürnberg (32),1-0,0-0,1. FSV Mainz 05 (32)
?,(Sun) 6 May 2001 (W18),SSV Reutlingen 05 (32),2-0,1-0,Osnabrück (32)
?,(Mon) 7 May 2001 (W19),Hannover 96 (32),0-0,0-0,Bor. Mönchengladbach (32)
?,(Wed) 9 May 2001 (W19),Rot Weiss Ahlen (32),4-1,1-0,Rot-Weiß Oberhausen (32)
?,(Wed) 9 May 2001 (W19),VfR Mannheim (32),5-0,3-0,SSV Ulm 1846 (32)
?,(Sun) 13 May 2001 (W19),Alemannia Aachen (33),0-1,0-0,1. FC Nürnberg (33)
?,(Sun) 13 May 2001 (W19),Chemnitzer FC (33),1-0,1-0,Arminia Bielefeld (33)
?,(Sun) 13 May 2001 (W19),Greuther Fürth (33),2-2,0-2,Bor. Mönchengladbach (33)
?,(Sun) 13 May 2001 (W19),1. FSV Mainz 05 (33),2-2,2-2,Rot Weiss Ahlen (33)
?,(Sun) 13 May 2001 (W19),Rot-Weiß Oberhausen (33),1-2,0-1,VfR Mannheim (33)
?,(Sun) 13 May 2001 (W19),Osnabrück (33),4-1,2-0,Stuttgarter Kickers (33)
?,(Sun) 13 May 2001 (W19),1. FC Saarbrücken (33),1-0,0-0,MSV Duisburg (33)
?,(Sun) 13 May 2001 (W19),FC St. Pauli (33),2-2,0-2,Hannover 96 (33)
?,(Sun) 13 May 2001 (W19),SSV Ulm 1846 (33),2-3,0-0,SSV Reutlingen 05 (33)
?,(Sun) 20 May 2001 (W20),Rot Weiss Ahlen (34),1-2,0-0,Alemannia Aachen (34)
?,(Sun) 20 May 2001 (W20),Arminia Bielefeld (34),4-2,3-1,1. FC Saarbrücken (34)
?,(Sun) 20 May 2001 (W20),MSV Duisburg (34),2-2,1-1,Osnabrück (34)
?,(Sun) 20 May 2001 (W20),Hannover 96 (34),2-1,1-0,Greuther Fürth (34)
?,(Sun) 20 May 2001 (W20),Bor. Mönchengladbach (34),3-0,2-0,Chemnitzer FC (34)
?,(Sun) 20 May 2001 (W20),VfR Mannheim (34),4-0,1-0,1. FSV Mainz 05 (34)
?,(Sun) 20 May 2001 (W20),1. FC Nürnberg (34),1-2,1-1,FC St. Pauli (34)
?,(Sun) 20 May 2001 (W20),SSV Reutlingen 05 (34),1-1,0-0,Rot-Weiß Oberhausen (34)
?,(Sun) 20 May 2001 (W20),Stuttgarter Kickers (34),2-4,2-3,SSV Ulm 1846 (34)
