Round,Date,Team 1,FT,HT,Team 2
?,(Fri) 2 Aug 1996 (W31),Fortuna Köln (1),2-0,1-0,VfL Wolfsburg (1)
?,(Sat) 3 Aug 1996 (W31),Rot-Weiss Essen (1),0-4,0-4,Stuttgarter Kickers (1)
?,(Sat) 3 Aug 1996 (W31),Hertha BSC (1),1-0,0-0,1. FSV Mainz 05 (1)
?,(Sat) 3 Aug 1996 (W31),VfB Leipzig (1),3-1,2-0,KFC Uerdingen (1)
?,(Sat) 3 Aug 1996 (W31),FSV Zwickau (1),2-0,1-0,VfR Mannheim (1)
?,(Sun) 4 Aug 1996 (W31),Gütersloh (1),0-0,0-0,FC Carl Zeiss Jena (1)
?,(Sun) 4 Aug 1996 (W31),Lübeck (1),1-1,0-0,Eintracht Frankfurt (1)
?,(Sun) 4 Aug 1996 (W31),VfB Oldenburg (1),1-1,1-0,SV Meppen (1)
?,(Tue) 6 Aug 1996 (W32),1. FSV Mainz 05 (2),2-1,0-0,VfB Leipzig (2)
?,(Wed) 7 Aug 1996 (W32),FC Carl Zeiss Jena (2),4-0,1-0,Rot-Weiss Essen (2)
?,(Wed) 7 Aug 1996 (W32),Eintracht Frankfurt (2),2-1,1-1,FSV Zwickau (2)
?,(Wed) 7 Aug 1996 (W32),VfR Mannheim (2),3-3,2-1,Fortuna Köln (2)
?,(Wed) 7 Aug 1996 (W32),SV Meppen (2),2-0,0-0,Lübeck (2)
?,(Wed) 7 Aug 1996 (W32),Stuttgarter Kickers (2),0-2,0-1,1. FC Kaiserslautern (1)
?,(Wed) 7 Aug 1996 (W32),KFC Uerdingen (2),0-2,0-1,Gütersloh (2)
?,(Wed) 7 Aug 1996 (W32),SpVgg Unterhaching (1),1-1,1-1,VfB Oldenburg (2)
?,(Wed) 7 Aug 1996 (W32),VfL Wolfsburg (2),1-1,0-1,Hertha BSC (2)
?,(Fri) 16 Aug 1996 (W33),Fortuna Köln (3),2-0,0-0,Hertha BSC (3)
?,(Sat) 17 Aug 1996 (W33),1. FC Kaiserslautern (2),2-0,2-0,FC Carl Zeiss Jena (3)
?,(Sat) 17 Aug 1996 (W33),FSV Zwickau (3),1-1,1-1,SV Meppen (3)
?,(Sun) 18 Aug 1996 (W33),Rot-Weiss Essen (3),1-2,0-0,KFC Uerdingen (3)
?,(Sun) 18 Aug 1996 (W33),Gütersloh (3),0-0,0-0,1. FSV Mainz 05 (3)
?,(Sun) 18 Aug 1996 (W33),VfB Leipzig (3),0-2,0-1,VfL Wolfsburg (3)
?,(Sun) 18 Aug 1996 (W33),Lübeck (3),0-0,0-0,SpVgg Unterhaching (2)
?,(Sun) 18 Aug 1996 (W33),VfB Oldenburg (3),1-1,1-0,Stuttgarter Kickers (3)
?,(Mon) 19 Aug 1996 (W34),VfR Mannheim (3),1-2,1-1,Eintracht Frankfurt (3)
?,(Fri) 23 Aug 1996 (W34),1. FSV Mainz 05 (4),2-1,1-1,Rot-Weiss Essen (4)
?,(Fri) 23 Aug 1996 (W34),SpVgg Unterhaching (3),2-1,2-1,FSV Zwickau (4)
?,(Sat) 24 Aug 1996 (W34),VfL Wolfsburg (4),3-0,1-0,Gütersloh (4)
?,(Sun) 25 Aug 1996 (W34),FC Carl Zeiss Jena (4),3-1,2-1,VfB Oldenburg (4)
?,(Sun) 25 Aug 1996 (W34),Eintracht Frankfurt (4),3-1,0-0,Fortuna Köln (4)
?,(Sun) 25 Aug 1996 (W34),SV Meppen (4),1-1,1-0,VfR Mannheim (4)
?,(Sun) 25 Aug 1996 (W34),Stuttgarter Kickers (4),2-3,1-1,Lübeck (4)
?,(Sun) 25 Aug 1996 (W34),KFC Uerdingen (4),0-1,0-0,1. FC Kaiserslautern (3)
?,(Mon) 26 Aug 1996 (W35),Hertha BSC (4),1-1,0-1,VfB Leipzig (4)
?,(Fri) 6 Sep 1996 (W36),Rot-Weiss Essen (5),0-1,0-1,VfL Wolfsburg (5)
?,(Fri) 6 Sep 1996 (W36),1. FC Kaiserslautern (4),1-1,0-0,1. FSV Mainz 05 (5)
?,(Sat) 7 Sep 1996 (W36),Fortuna Köln (5),2-3,0-0,VfB Leipzig (5)
?,(Sat) 7 Sep 1996 (W36),VfR Mannheim (5),1-1,0-0,SpVgg Unterhaching (4)
?,(Sun) 8 Sep 1996 (W36),Gütersloh (5),1-0,1-0,Hertha BSC (5)
?,(Sun) 8 Sep 1996 (W36),Lübeck (5),1-0,0-0,FC Carl Zeiss Jena (5)
?,(Sun) 8 Sep 1996 (W36),VfB Oldenburg (5),1-2,0-0,KFC Uerdingen (5)
?,(Mon) 9 Sep 1996 (W37),Eintracht Frankfurt (5),0-1,0-1,SV Meppen (5)
?,(Tue) 10 Sep 1996 (W37),FSV Zwickau (5),0-1,0-1,Stuttgarter Kickers (5)
?,(Fri) 13 Sep 1996 (W37),1. FSV Mainz 05 (6),3-0,2-0,VfB Oldenburg (6)
?,(Sat) 14 Sep 1996 (W37),VfB Leipzig (6),3-1,3-0,Gütersloh (6)
?,(Sat) 14 Sep 1996 (W37),Stuttgarter Kickers (6),2-1,1-0,VfR Mannheim (6)
?,(Sat) 14 Sep 1996 (W37),KFC Uerdingen (6),5-0,2-0,Lübeck (6)
?,(Sun) 15 Sep 1996 (W37),FC Carl Zeiss Jena (6),2-1,0-0,FSV Zwickau (6)
?,(Sun) 15 Sep 1996 (W37),Hertha BSC (6),7-3,4-1,Rot-Weiss Essen (6)
?,(Sun) 15 Sep 1996 (W37),SV Meppen (6),0-3,0-1,Fortuna Köln (6)
?,(Sun) 15 Sep 1996 (W37),SpVgg Unterhaching (5),2-1,1-0,Eintracht Frankfurt (6)
?,(Mon) 16 Sep 1996 (W38),VfL Wolfsburg (6),0-0,0-0,1. FC Kaiserslautern (5)
?,(Fri) 20 Sep 1996 (W38),Fortuna Köln (7),3-0,1-0,Gütersloh (7)
?,(Fri) 20 Sep 1996 (W38),1. FC Kaiserslautern (6),0-0,0-0,Hertha BSC (7)
?,(Fri) 20 Sep 1996 (W38),Lübeck (7),0-2,0-0,1. FSV Mainz 05 (7)
?,(Sat) 21 Sep 1996 (W38),VfR Mannheim (7),4-0,1-0,FC Carl Zeiss Jena (7)
?,(Sun) 22 Sep 1996 (W38),Eintracht Frankfurt (7),0-1,0-1,Stuttgarter Kickers (7)
?,(Sun) 22 Sep 1996 (W38),SV Meppen (7),1-1,1-0,SpVgg Unterhaching (6)
?,(Sun) 22 Sep 1996 (W38),VfB Oldenburg (7),1-4,0-2,VfL Wolfsburg (7)
?,(Sun) 22 Sep 1996 (W38),FSV Zwickau (7),2-1,0-1,KFC Uerdingen (7)
?,(Mon) 23 Sep 1996 (W39),Rot-Weiss Essen (7),4-1,1-1,VfB Leipzig (7)
?,(Fri) 27 Sep 1996 (W39),KFC Uerdingen (8),4-1,0-0,VfR Mannheim (8)
?,(Fri) 27 Sep 1996 (W39),VfL Wolfsburg (8),0-0,0-0,Lübeck (8)
?,(Sat) 28 Sep 1996 (W39),Stuttgarter Kickers (8),0-0,0-0,SV Meppen (8)
?,(Sun) 29 Sep 1996 (W39),Gütersloh (8),2-3,2-1,Rot-Weiss Essen (8)
?,(Sun) 29 Sep 1996 (W39),VfB Leipzig (8),2-2,1-0,1. FC Kaiserslautern (7)
?,(Sun) 29 Sep 1996 (W39),1. FSV Mainz 05 (8),1-1,1-0,FSV Zwickau (8)
?,(Sun) 29 Sep 1996 (W39),SpVgg Unterhaching (7),0-0,0-0,Fortuna Köln (8)
?,(Mon) 30 Sep 1996 (W40),FC Carl Zeiss Jena (8),1-1,1-0,Eintracht Frankfurt (8)
?,(Thu) 3 Oct 1996 (W40),1. FC Kaiserslautern (8),0-0,0-0,SpVgg Unterhaching (8)
?,(Thu) 3 Oct 1996 (W40),VfB Oldenburg (8),4-1,4-0,VfB Leipzig (9)
?,(Fri) 4 Oct 1996 (W40),Eintracht Frankfurt (9),0-1,0-1,KFC Uerdingen (9)
?,(Sat) 5 Oct 1996 (W40),Fortuna Köln (9),1-1,1-0,Rot-Weiss Essen (9)
?,(Sat) 5 Oct 1996 (W40),Lübeck (9),1-4,1-1,Hertha BSC (8)
?,(Sun) 6 Oct 1996 (W40),1. FC Kaiserslautern (9),2-0,0-0,Gütersloh (9)
?,(Sun) 6 Oct 1996 (W40),VfR Mannheim (9),2-2,1-0,1. FSV Mainz 05 (9)
?,(Sun) 6 Oct 1996 (W40),SpVgg Unterhaching (9),1-1,1-0,Stuttgarter Kickers (9)
?,(Sun) 6 Oct 1996 (W40),FSV Zwickau (9),0-0,0-0,VfL Wolfsburg (9)
?,(Mon) 7 Oct 1996 (W41),SV Meppen (9),0-0,0-0,FC Carl Zeiss Jena (9)
?,(Fri) 11 Oct 1996 (W41),Rot-Weiss Essen (10),1-4,1-2,1. FC Kaiserslautern (10)
?,(Fri) 11 Oct 1996 (W41),VfL Wolfsburg (10),1-1,1-1,VfR Mannheim (10)
?,(Sat) 12 Oct 1996 (W41),FC Carl Zeiss Jena (10),1-1,0-1,SpVgg Unterhaching (10)
?,(Sat) 12 Oct 1996 (W41),KFC Uerdingen (10),0-0,0-0,SV Meppen (10)
?,(Sun) 13 Oct 1996 (W41),Gütersloh (10),1-0,0-0,VfB Oldenburg (9)
?,(Sun) 13 Oct 1996 (W41),Hertha BSC (9),1-0,0-0,FSV Zwickau (10)
?,(Sun) 13 Oct 1996 (W41),VfB Leipzig (10),0-0,0-0,Lübeck (10)
?,(Sun) 13 Oct 1996 (W41),Stuttgarter Kickers (10),3-1,1-0,Fortuna Köln (10)
?,(Mon) 14 Oct 1996 (W42),1. FSV Mainz 05 (10),2-2,0-1,Eintracht Frankfurt (10)
?,(Fri) 18 Oct 1996 (W42),VfR Mannheim (11),2-1,1-0,Hertha BSC (10)
?,(Fri) 18 Oct 1996 (W42),SV Meppen (11),5-4,4-2,1. FSV Mainz 05 (11)
?,(Sat) 19 Oct 1996 (W42),Eintracht Frankfurt (11),1-1,1-1,VfL Wolfsburg (11)
?,(Sat) 19 Oct 1996 (W42),SpVgg Unterhaching (11),0-0,0-0,KFC Uerdingen (11)
?,(Sun) 20 Oct 1996 (W42),Lübeck (11),2-3,0-2,Gütersloh (11)
?,(Sun) 20 Oct 1996 (W42),VfB Oldenburg (10),2-1,0-1,Rot-Weiss Essen (11)
?,(Sun) 20 Oct 1996 (W42),Stuttgarter Kickers (11),1-2,1-1,FC Carl Zeiss Jena (11)
?,(Sun) 20 Oct 1996 (W42),FSV Zwickau (11),1-2,0-0,VfB Leipzig (11)
?,(Mon) 21 Oct 1996 (W43),Fortuna Köln (11),0-0,0-0,1. FC Kaiserslautern (11)
?,(Wed) 23 Oct 1996 (W43),Hertha BSC (11),1-0,0-0,VfB Oldenburg (11)
?,(Fri) 25 Oct 1996 (W43),FC Carl Zeiss Jena (12),1-1,1-0,Fortuna Köln (12)
?,(Fri) 25 Oct 1996 (W43),Rot-Weiss Essen (12),2-0,1-0,Lübeck (12)
?,(Fri) 25 Oct 1996 (W43),KFC Uerdingen (12),3-1,2-0,Stuttgarter Kickers (12)
?,(Sat) 26 Oct 1996 (W43),1. FC Kaiserslautern (12),6-2,1-2,VfB Oldenburg (12)
?,(Sun) 27 Oct 1996 (W43),Gütersloh (12),3-1,2-1,FSV Zwickau (12)
?,(Sun) 27 Oct 1996 (W43),VfB Leipzig (12),6-1,3-1,VfR Mannheim (12)
?,(Sun) 27 Oct 1996 (W43),1. FSV Mainz 05 (12),0-0,0-0,SpVgg Unterhaching (12)
?,(Sun) 27 Oct 1996 (W43),VfL Wolfsburg (12),3-1,0-1,SV Meppen (12)
?,(Mon) 28 Oct 1996 (W44),Hertha BSC (12),1-2,1-0,Eintracht Frankfurt (12)
?,(Fri) 1 Nov 1996 (W44),FC Carl Zeiss Jena (13),2-2,1-2,KFC Uerdingen (13)
?,(Fri) 1 Nov 1996 (W44),Fortuna Köln (13),7-1,1-1,VfB Oldenburg (13)
?,(Sat) 2 Nov 1996 (W44),Eintracht Frankfurt (13),2-3,1-0,VfB Leipzig (13)
?,(Sat) 2 Nov 1996 (W44),Stuttgarter Kickers (13),2-1,0-0,1. FSV Mainz 05 (13)
?,(Sun) 3 Nov 1996 (W44),Lübeck (13),0-2,0-1,1. FC Kaiserslautern (13)
?,(Sun) 3 Nov 1996 (W44),VfR Mannheim (13),1-0,1-0,Gütersloh (13)
?,(Sun) 3 Nov 1996 (W44),SV Meppen (13),1-1,1-1,Hertha BSC (13)
?,(Sun) 3 Nov 1996 (W44),FSV Zwickau (13),2-1,1-0,Rot-Weiss Essen (13)
?,(Mon) 4 Nov 1996 (W45),SpVgg Unterhaching (13),1-0,0-0,VfL Wolfsburg (13)
?,(Fri) 15 Nov 1996 (W46),Hertha BSC (14),3-0,2-0,SpVgg Unterhaching (14)
?,(Fri) 15 Nov 1996 (W46),1. FC Kaiserslautern (14),4-1,1-0,FSV Zwickau (14)
?,(Fri) 15 Nov 1996 (W46),VfL Wolfsburg (14),0-0,0-0,Stuttgarter Kickers (14)
?,(Sat) 16 Nov 1996 (W46),1. FSV Mainz 05 (14),3-2,2-0,FC Carl Zeiss Jena (14)
?,(Sun) 17 Nov 1996 (W46),Rot-Weiss Essen (14),2-1,2-1,VfR Mannheim (14)
?,(Sun) 17 Nov 1996 (W46),Gütersloh (14),3-1,0-0,Eintracht Frankfurt (14)
?,(Sun) 17 Nov 1996 (W46),VfB Leipzig (14),1-3,0-3,SV Meppen (14)
?,(Sun) 17 Nov 1996 (W46),VfB Oldenburg (14),1-1,0-1,Lübeck (14)
?,(Mon) 18 Nov 1996 (W47),KFC Uerdingen (14),1-2,0-1,Fortuna Köln (14)
?,(Fri) 22 Nov 1996 (W47),FC Carl Zeiss Jena (15),3-3,1-2,VfL Wolfsburg (15)
?,(Fri) 22 Nov 1996 (W47),Eintracht Frankfurt (15),3-0,2-0,Rot-Weiss Essen (15)
?,(Sat) 23 Nov 1996 (W47),VfR Mannheim (15),2-0,0-0,1. FC Kaiserslautern (15)
?,(Sat) 23 Nov 1996 (W47),FSV Zwickau (15),1-0,0-0,VfB Oldenburg (15)
?,(Sun) 24 Nov 1996 (W47),Lübeck (15),1-1,0-1,Fortuna Köln (15)
?,(Sun) 24 Nov 1996 (W47),SV Meppen (15),2-0,1-0,Gütersloh (15)
?,(Sun) 24 Nov 1996 (W47),Stuttgarter Kickers (15),1-2,0-1,Hertha BSC (15)
?,(Sun) 24 Nov 1996 (W47),SpVgg Unterhaching (15),1-1,0-1,VfB Leipzig (15)
?,(Mon) 25 Nov 1996 (W48),1. FSV Mainz 05 (15),3-1,2-1,KFC Uerdingen (15)
?,(Fri) 29 Nov 1996 (W48),Rot-Weiss Essen (16),2-1,0-1,SV Meppen (16)
?,(Fri) 29 Nov 1996 (W48),VfL Wolfsburg (16),1-0,0-0,KFC Uerdingen (16)
?,(Sat) 30 Nov 1996 (W48),Hertha BSC (16),0-1,0-0,FC Carl Zeiss Jena (16)
?,(Sat) 30 Nov 1996 (W48),VfB Leipzig (16),0-0,0-0,Stuttgarter Kickers (16)
?,(Sun) 1 Dec 1996 (W48),Fortuna Köln (16),1-3,0-3,1. FSV Mainz 05 (16)
?,(Sun) 1 Dec 1996 (W48),Gütersloh (16),1-1,1-0,SpVgg Unterhaching (16)
?,(Sun) 1 Dec 1996 (W48),Lübeck (16),1-1,1-0,FSV Zwickau (16)
?,(Mon) 2 Dec 1996 (W49),1. FC Kaiserslautern (16),5-0,1-0,Eintracht Frankfurt (16)
?,(Fri) 6 Dec 1996 (W49),FC Carl Zeiss Jena (17),0-0,0-0,VfB Leipzig (17)
?,(Fri) 6 Dec 1996 (W49),1. FSV Mainz 05 (17),0-0,0-0,VfL Wolfsburg (17)
?,(Sat) 7 Dec 1996 (W49),Eintracht Frankfurt (17),2-3,1-2,VfB Oldenburg (16)
?,(Sat) 7 Dec 1996 (W49),FSV Zwickau (17),2-0,0-0,Fortuna Köln (17)
?,(Sun) 8 Dec 1996 (W49),VfR Mannheim (16),3-1,1-1,Lübeck (17)
?,(Sun) 8 Dec 1996 (W49),SV Meppen (17),2-1,1-0,1. FC Kaiserslautern (17)
?,(Sun) 8 Dec 1996 (W49),Stuttgarter Kickers (17),1-1,0-0,Gütersloh (17)
?,(Sun) 8 Dec 1996 (W49),SpVgg Unterhaching (17),2-0,1-0,Rot-Weiss Essen (17)
?,(Mon) 9 Dec 1996 (W50),KFC Uerdingen (17),2-3,1-2,Hertha BSC (17)
?,(Sat) 14 Dec 1996 (W50),VfB Oldenburg (17),1-0,0-0,VfR Mannheim (17)
?,(Fri) 21 Feb 1997 (W8),KFC Uerdingen (18),5-0,1-0,VfB Leipzig (18)
?,(Fri) 21 Feb 1997 (W8),SpVgg Unterhaching (18),0-0,0-0,1. FC Kaiserslautern (18)
?,(Sat) 22 Feb 1997 (W8),VfR Mannheim (18),4-0,0-0,FSV Zwickau (18)
?,(Sat) 22 Feb 1997 (W8),VfL Wolfsburg (18),2-1,2-0,Fortuna Köln (18)
?,(Sun) 23 Feb 1997 (W8),FC Carl Zeiss Jena (18),2-5,1-3,Gütersloh (18)
?,(Sun) 23 Feb 1997 (W8),Eintracht Frankfurt (18),3-0,2-0,Lübeck (18)
?,(Sun) 23 Feb 1997 (W8),SV Meppen (18),2-1,1-0,VfB Oldenburg (18)
?,(Sun) 23 Feb 1997 (W8),Stuttgarter Kickers (18),1-1,1-1,Rot-Weiss Essen (18)
?,(Mon) 24 Feb 1997 (W9),1. FSV Mainz 05 (18),0-1,0-1,Hertha BSC (18)
?,(Fri) 28 Feb 1997 (W9),Rot-Weiss Essen (19),0-2,0-1,FC Carl Zeiss Jena (19)
?,(Fri) 28 Feb 1997 (W9),Fortuna Köln (19),4-0,1-0,VfR Mannheim (19)
?,(Sat) 1 Mar 1997 (W9),VfB Leipzig (19),3-0,2-0,1. FSV Mainz 05 (19)
?,(Sun) 2 Mar 1997 (W9),Gütersloh (19),1-1,0-0,KFC Uerdingen (19)
?,(Sun) 2 Mar 1997 (W9),1. FC Kaiserslautern (19),2-0,1-0,Stuttgarter Kickers (19)
?,(Sun) 2 Mar 1997 (W9),Lübeck (19),4-1,1-1,SV Meppen (19)
?,(Sun) 2 Mar 1997 (W9),VfB Oldenburg (19),1-3,0-1,SpVgg Unterhaching (19)
?,(Sun) 2 Mar 1997 (W9),FSV Zwickau (19),1-0,1-0,Eintracht Frankfurt (19)
?,(Mon) 3 Mar 1997 (W10),Hertha BSC (19),1-0,0-0,VfL Wolfsburg (19)
?,(Fri) 7 Mar 1997 (W10),FC Carl Zeiss Jena (20),2-2,0-0,1. FC Kaiserslautern (20)
?,(Fri) 7 Mar 1997 (W10),1. FSV Mainz 05 (20),3-0,2-0,Gütersloh (20)
?,(Sat) 8 Mar 1997 (W10),Hertha BSC (20),4-2,2-1,Fortuna Köln (20)
?,(Sat) 8 Mar 1997 (W10),SV Meppen (20),3-0,2-0,FSV Zwickau (20)
?,(Sat) 8 Mar 1997 (W10),Stuttgarter Kickers (20),5-0,2-0,VfB Oldenburg (20)
?,(Sat) 8 Mar 1997 (W10),KFC Uerdingen (20),1-0,0-0,Rot-Weiss Essen (20)
?,(Sat) 8 Mar 1997 (W10),SpVgg Unterhaching (20),0-0,0-0,Lübeck (20)
?,(Mon) 10 Mar 1997 (W11),Eintracht Frankfurt (20),1-0,0-0,VfR Mannheim (20)
?,(Fri) 14 Mar 1997 (W11),Rot-Weiss Essen (21),0-2,0-1,1. FSV Mainz 05 (21)
?,(Fri) 14 Mar 1997 (W11),Fortuna Köln (21),0-0,0-0,Eintracht Frankfurt (21)
?,(Sat) 15 Mar 1997 (W11),VfR Mannheim (21),1-0,0-0,SV Meppen (21)
?,(Sat) 15 Mar 1997 (W11),FSV Zwickau (21),0-2,0-0,SpVgg Unterhaching (21)
?,(Sun) 16 Mar 1997 (W11),Gütersloh (21),1-1,0-0,VfL Wolfsburg (20)
?,(Sun) 16 Mar 1997 (W11),VfB Leipzig (20),0-3,0-0,Hertha BSC (21)
?,(Sun) 16 Mar 1997 (W11),Lübeck (21),1-0,0-0,Stuttgarter Kickers (21)
?,(Sun) 16 Mar 1997 (W11),VfB Oldenburg (21),1-0,1-0,FC Carl Zeiss Jena (21)
?,(Mon) 17 Mar 1997 (W12),1. FC Kaiserslautern (21),3-1,1-0,KFC Uerdingen (21)
?,(Wed) 19 Mar 1997 (W12),VfL Wolfsburg (21),2-0,0-0,VfB Leipzig (21)
?,(Fri) 21 Mar 1997 (W12),FC Carl Zeiss Jena (22),1-1,0-0,Lübeck (22)
?,(Fri) 21 Mar 1997 (W12),KFC Uerdingen (22),1-0,1-0,VfB Oldenburg (22)
?,(Sat) 22 Mar 1997 (W12),Stuttgarter Kickers (22),1-0,0-0,FSV Zwickau (22)
?,(Sun) 23 Mar 1997 (W12),Hertha BSC (22),5-2,0-2,Gütersloh (22)
?,(Sun) 23 Mar 1997 (W12),VfB Leipzig (22),4-1,3-0,Fortuna Köln (22)
?,(Sun) 23 Mar 1997 (W12),SV Meppen (22),1-1,0-0,Eintracht Frankfurt (22)
?,(Sun) 23 Mar 1997 (W12),SpVgg Unterhaching (22),2-1,1-0,VfR Mannheim (22)
?,(Sun) 23 Mar 1997 (W12),VfL Wolfsburg (22),5-1,1-1,Rot-Weiss Essen (22)
?,(Mon) 24 Mar 1997 (W13),1. FSV Mainz 05 (22),0-0,0-0,1. FC Kaiserslautern (22)
?,(Fri) 28 Mar 1997 (W13),Fortuna Köln (23),0-0,0-0,SV Meppen (23)
?,(Fri) 28 Mar 1997 (W13),VfR Mannheim (23),0-1,0-0,Stuttgarter Kickers (23)
?,(Sat) 29 Mar 1997 (W13),Rot-Weiss Essen (23),2-1,1-0,Hertha BSC (23)
?,(Sat) 29 Mar 1997 (W13),1. FC Kaiserslautern (23),4-0,0-0,VfL Wolfsburg (23)
?,(Sat) 29 Mar 1997 (W13),Lübeck (23),2-0,0-0,KFC Uerdingen (23)
?,(Sun) 30 Mar 1997 (W13),Eintracht Frankfurt (23),1-0,1-0,SpVgg Unterhaching (23)
?,(Sun) 30 Mar 1997 (W13),Gütersloh (23),2-0,1-0,VfB Leipzig (23)
?,(Sun) 30 Mar 1997 (W13),VfB Oldenburg (23),1-1,0-1,1. FSV Mainz 05 (23)
?,(Sun) 30 Mar 1997 (W13),FSV Zwickau (23),1-0,0-0,FC Carl Zeiss Jena (23)
?,(Fri) 4 Apr 1997 (W14),FC Carl Zeiss Jena (24),1-1,0-0,VfR Mannheim (24)
?,(Fri) 4 Apr 1997 (W14),1. FSV Mainz 05 (24),1-1,1-0,Lübeck (24)
?,(Sat) 5 Apr 1997 (W14),Gütersloh (24),1-0,0-0,Fortuna Köln (24)
?,(Sat) 5 Apr 1997 (W14),Stuttgarter Kickers (24),0-0,0-0,Eintracht Frankfurt (24)
?,(Sun) 6 Apr 1997 (W14),VfB Leipzig (24),2-0,0-0,Rot-Weiss Essen (24)
?,(Sun) 6 Apr 1997 (W14),KFC Uerdingen (24),3-0,1-0,FSV Zwickau (24)
?,(Sun) 6 Apr 1997 (W14),SpVgg Unterhaching (24),1-2,1-0,SV Meppen (24)
?,(Sun) 6 Apr 1997 (W14),VfL Wolfsburg (24),2-2,1-2,VfB Oldenburg (24)
?,(Mon) 7 Apr 1997 (W15),Hertha BSC (24),2-0,1-0,1. FC Kaiserslautern (24)
?,(Fri) 11 Apr 1997 (W15),Eintracht Frankfurt (25),1-1,0-0,FC Carl Zeiss Jena (25)
?,(Fri) 11 Apr 1997 (W15),1. FC Kaiserslautern (25),4-1,4-1,VfB Leipzig (25)
?,(Sat) 12 Apr 1997 (W15),Rot-Weiss Essen (25),2-2,0-0,Gütersloh (25)
?,(Sat) 12 Apr 1997 (W15),VfR Mannheim (25),1-0,0-0,KFC Uerdingen (25)
?,(Sun) 13 Apr 1997 (W15),Fortuna Köln (25),3-1,1-0,SpVgg Unterhaching (25)
?,(Sun) 13 Apr 1997 (W15),Lübeck (25),0-0,0-0,VfL Wolfsburg (25)
?,(Sun) 13 Apr 1997 (W15),VfB Oldenburg (25),2-2,1-1,Hertha BSC (25)
?,(Sun) 13 Apr 1997 (W15),FSV Zwickau (25),0-0,0-0,1. FSV Mainz 05 (25)
?,(Mon) 14 Apr 1997 (W16),SV Meppen (25),1-1,0-0,Stuttgarter Kickers (25)
?,(Fri) 18 Apr 1997 (W16),1. FSV Mainz 05 (26),2-0,1-0,VfR Mannheim (26)
?,(Fri) 18 Apr 1997 (W16),VfL Wolfsburg (26),1-1,0-0,FSV Zwickau (26)
?,(Sat) 19 Apr 1997 (W16),Stuttgarter Kickers (26),1-0,1-0,SpVgg Unterhaching (26)
?,(Sat) 19 Apr 1997 (W16),KFC Uerdingen (26),3-0,1-0,Eintracht Frankfurt (26)
?,(Sun) 20 Apr 1997 (W16),FC Carl Zeiss Jena (26),2-1,0-0,SV Meppen (26)
?,(Sun) 20 Apr 1997 (W16),Rot-Weiss Essen (26),0-4,0-1,Fortuna Köln (26)
?,(Sun) 20 Apr 1997 (W16),Gütersloh (26),1-1,1-0,1. FC Kaiserslautern (26)
?,(Sun) 20 Apr 1997 (W16),VfB Leipzig (26),0-0,0-0,VfB Oldenburg (26)
?,(Mon) 21 Apr 1997 (W17),Hertha BSC (26),0-0,0-0,Lübeck (26)
?,(Thu) 24 Apr 1997 (W17),VfR Mannheim (27),1-3,0-2,VfL Wolfsburg (27)
?,(Fri) 25 Apr 1997 (W17),1. FC Kaiserslautern (27),3-2,0-1,Rot-Weiss Essen (27)
?,(Fri) 25 Apr 1997 (W17),SV Meppen (27),2-0,1-0,KFC Uerdingen (27)
?,(Sat) 26 Apr 1997 (W17),FSV Zwickau (27),1-2,0-0,Hertha BSC (27)
?,(Sun) 27 Apr 1997 (W17),Fortuna Köln (27),1-2,0-1,Stuttgarter Kickers (27)
?,(Sun) 27 Apr 1997 (W17),Lübeck (27),0-1,0-1,VfB Leipzig (27)
?,(Sun) 27 Apr 1997 (W17),VfB Oldenburg (27),2-0,0-0,Gütersloh (27)
?,(Sun) 27 Apr 1997 (W17),SpVgg Unterhaching (27),2-1,1-0,FC Carl Zeiss Jena (27)
?,(Mon) 28 Apr 1997 (W18),Eintracht Frankfurt (27),1-0,1-0,1. FSV Mainz 05 (27)
?,(Fri) 2 May 1997 (W18),Hertha BSC (28),2-2,1-2,VfR Mannheim (28)
?,(Fri) 2 May 1997 (W18),1. FSV Mainz 05 (28),3-0,0-0,SV Meppen (28)
?,(Sat) 3 May 1997 (W18),Rot-Weiss Essen (28),5-0,1-0,VfB Oldenburg (28)
?,(Sat) 3 May 1997 (W18),VfL Wolfsburg (28),4-1,2-1,Eintracht Frankfurt (28)
?,(Sun) 4 May 1997 (W18),FC Carl Zeiss Jena (28),0-0,0-0,Stuttgarter Kickers (28)
?,(Sun) 4 May 1997 (W18),Gütersloh (28),3-1,1-0,Lübeck (28)
?,(Sun) 4 May 1997 (W18),1. FC Kaiserslautern (28),2-0,1-0,Fortuna Köln (28)
?,(Sun) 4 May 1997 (W18),VfB Leipzig (28),4-0,1-0,FSV Zwickau (28)
?,(Mon) 5 May 1997 (W19),KFC Uerdingen (28),0-4,0-2,SpVgg Unterhaching (28)
?,(Fri) 9 May 1997 (W19),Fortuna Köln (29),2-0,0-0,FC Carl Zeiss Jena (29)
?,(Fri) 9 May 1997 (W19),SV Meppen (29),0-0,0-0,VfL Wolfsburg (29)
?,(Sat) 10 May 1997 (W19),VfR Mannheim (29),1-1,0-1,VfB Leipzig (29)
?,(Sat) 10 May 1997 (W19),VfB Oldenburg (29),0-1,0-1,1. FC Kaiserslautern (29)
?,(Sun) 11 May 1997 (W19),Lübeck (29),3-2,0-1,Rot-Weiss Essen (29)
?,(Sun) 11 May 1997 (W19),Stuttgarter Kickers (29),1-0,0-0,KFC Uerdingen (29)
?,(Sun) 11 May 1997 (W19),SpVgg Unterhaching (29),0-0,0-0,1. FSV Mainz 05 (29)
?,(Sun) 11 May 1997 (W19),FSV Zwickau (29),3-1,2-1,Gütersloh (29)
?,(Mon) 12 May 1997 (W20),Eintracht Frankfurt (29),3-1,1-1,Hertha BSC (29)
?,(Fri) 16 May 1997 (W20),KFC Uerdingen (30),2-2,1-2,FC Carl Zeiss Jena (30)
?,(Fri) 16 May 1997 (W20),VfL Wolfsburg (30),0-0,0-0,SpVgg Unterhaching (30)
?,(Sat) 17 May 1997 (W20),VfB Leipzig (30),2-3,1-0,Eintracht Frankfurt (30)
?,(Sat) 17 May 1997 (W20),VfB Oldenburg (30),1-1,1-0,Fortuna Köln (30)
?,(Sun) 18 May 1997 (W20),Rot-Weiss Essen (30),1-2,0-0,FSV Zwickau (30)
?,(Sun) 18 May 1997 (W20),Gütersloh (30),0-0,0-0,VfR Mannheim (30)
?,(Sun) 18 May 1997 (W20),1. FC Kaiserslautern (30),7-0,2-0,Lübeck (30)
?,(Sun) 18 May 1997 (W20),1. FSV Mainz 05 (30),1-0,1-0,Stuttgarter Kickers (30)
?,(Mon) 19 May 1997 (W21),Hertha BSC (30),3-0,1-0,SV Meppen (30)
?,(Wed) 21 May 1997 (W21),FC Carl Zeiss Jena (31),2-1,1-1,1. FSV Mainz 05 (31)
?,(Wed) 21 May 1997 (W21),Fortuna Köln (31),1-2,1-1,KFC Uerdingen (31)
?,(Wed) 21 May 1997 (W21),Stuttgarter Kickers (31),0-0,0-0,VfL Wolfsburg (31)
?,(Thu) 22 May 1997 (W21),Eintracht Frankfurt (31),2-0,1-0,Gütersloh (31)
?,(Thu) 22 May 1997 (W21),Lübeck (31),2-0,2-0,VfB Oldenburg (31)
?,(Thu) 22 May 1997 (W21),VfR Mannheim (31),3-3,1-1,Rot-Weiss Essen (31)
?,(Thu) 22 May 1997 (W21),SV Meppen (31),0-0,0-0,VfB Leipzig (31)
?,(Thu) 22 May 1997 (W21),SpVgg Unterhaching (31),1-2,0-1,Hertha BSC (31)
?,(Thu) 22 May 1997 (W21),FSV Zwickau (31),2-1,1-1,1. FC Kaiserslautern (31)
?,(Sat) 24 May 1997 (W21),VfL Wolfsburg (32),4-1,1-0,FC Carl Zeiss Jena (32)
?,(Sun) 25 May 1997 (W21),Rot-Weiss Essen (32),4-1,2-1,Eintracht Frankfurt (32)
?,(Sun) 25 May 1997 (W21),Fortuna Köln (32),0-3,0-0,Lübeck (32)
?,(Sun) 25 May 1997 (W21),Gütersloh (32),4-2,3-2,SV Meppen (32)
?,(Sun) 25 May 1997 (W21),Hertha BSC (32),0-1,0-0,Stuttgarter Kickers (32)
?,(Sun) 25 May 1997 (W21),VfB Leipzig (32),3-0,2-0,SpVgg Unterhaching (32)
?,(Sun) 25 May 1997 (W21),VfB Oldenburg (32),1-2,0-0,FSV Zwickau (32)
?,(Sun) 25 May 1997 (W21),KFC Uerdingen (32),0-1,0-1,1. FSV Mainz 05 (32)
?,(Mon) 26 May 1997 (W22),1. FC Kaiserslautern (32),5-0,2-0,VfR Mannheim (32)
?,(Sun) 1 Jun 1997 (W22),FC Carl Zeiss Jena (33),2-1,1-1,Hertha BSC (33)
?,(Sun) 1 Jun 1997 (W22),Eintracht Frankfurt (33),0-0,0-0,1. FC Kaiserslautern (33)
?,(Sun) 1 Jun 1997 (W22),1. FSV Mainz 05 (33),2-0,0-0,Fortuna Köln (33)
?,(Sun) 1 Jun 1997 (W22),VfR Mannheim (33),2-0,1-0,VfB Oldenburg (33)
?,(Sun) 1 Jun 1997 (W22),SV Meppen (33),1-1,1-0,Rot-Weiss Essen (33)
?,(Sun) 1 Jun 1997 (W22),Stuttgarter Kickers (33),3-1,0-1,VfB Leipzig (33)
?,(Sun) 1 Jun 1997 (W22),KFC Uerdingen (33),0-3,0-0,VfL Wolfsburg (33)
?,(Sun) 1 Jun 1997 (W22),SpVgg Unterhaching (33),3-1,1-1,Gütersloh (33)
?,(Sun) 1 Jun 1997 (W22),FSV Zwickau (33),2-0,1-0,Lübeck (33)
?,(Sun) 8 Jun 1997 (W23),Hertha BSC (34),0-2,0-1,KFC Uerdingen (34)
?,(Wed) 11 Jun 1997 (W24),Rot-Weiss Essen (34),1-2,1-2,SpVgg Unterhaching (34)
?,(Wed) 11 Jun 1997 (W24),Fortuna Köln (34),2-1,1-0,FSV Zwickau (34)
?,(Wed) 11 Jun 1997 (W24),Gütersloh (34),1-0,0-0,Stuttgarter Kickers (34)
?,(Wed) 11 Jun 1997 (W24),1. FC Kaiserslautern (34),7-6,6-2,SV Meppen (34)
?,(Wed) 11 Jun 1997 (W24),VfB Leipzig (34),3-3,1-2,FC Carl Zeiss Jena (34)
?,(Wed) 11 Jun 1997 (W24),Lübeck (34),2-3,2-2,VfR Mannheim (34)
?,(Wed) 11 Jun 1997 (W24),VfB Oldenburg (34),1-2,1-2,Eintracht Frankfurt (34)
?,(Wed) 11 Jun 1997 (W24),VfL Wolfsburg (34),5-4,3-1,1. FSV Mainz 05 (34)
