Round,Date,Team 1,FT,HT,Team 2
?,(Fri) 25 Jul 1997 (W30),Eintracht Frankfurt (1),3-2,1-1,Fortuna Düsseldorf (1)
?,(Sat) 26 Jul 1997 (W30),FC Carl Zeiss Jena (1),1-1,0-1,SG Wattenscheid 09 (1)
?,(Sat) 26 Jul 1997 (W30),SV Meppen (1),2-1,2-0,FSV Zwickau (1)
?,(Sun) 27 Jul 1997 (W30),SC Freiburg (1),2-0,0-0,Energie Cottbus (1)
?,(Sun) 27 Jul 1997 (W30),Greuther Fürth (1),0-0,0-0,FC St. Pauli (1)
?,(Sun) 27 Jul 1997 (W30),Gütersloh (1),4-2,1-0,1. FC Nürnberg (1)
?,(Sun) 27 Jul 1997 (W30),VfB Leipzig (1),3-1,1-1,Stuttgarter Kickers (1)
?,(Sun) 27 Jul 1997 (W30),KFC Uerdingen (1),2-0,2-0,Fortuna Köln (1)
?,(Sun) 27 Jul 1997 (W30),SpVgg Unterhaching (1),3-2,3-0,1. FSV Mainz 05 (1)
?,(Fri) 1 Aug 1997 (W31),Fortuna Düsseldorf (2),1-1,0-0,KFC Uerdingen (2)
?,(Fri) 1 Aug 1997 (W31),Fortuna Köln (2),2-2,1-1,SV Meppen (2)
?,(Fri) 1 Aug 1997 (W31),FC St. Pauli (2),0-0,0-0,Gütersloh (2)
?,(Sun) 3 Aug 1997 (W31),Energie Cottbus (2),1-1,1-1,VfB Leipzig (2)
?,(Sun) 3 Aug 1997 (W31),1. FSV Mainz 05 (2),4-1,4-0,Greuther Fürth (2)
?,(Sun) 3 Aug 1997 (W31),Stuttgarter Kickers (2),2-1,1-1,FC Carl Zeiss Jena (2)
?,(Sun) 3 Aug 1997 (W31),SG Wattenscheid 09 (2),0-1,0-1,Eintracht Frankfurt (2)
?,(Sun) 3 Aug 1997 (W31),FSV Zwickau (2),0-4,0-2,SpVgg Unterhaching (2)
?,(Mon) 4 Aug 1997 (W32),1. FC Nürnberg (2),4-1,1-1,SC Freiburg (2)
?,(Fri) 8 Aug 1997 (W32),SV Meppen (3),2-2,1-1,Fortuna Düsseldorf (3)
?,(Fri) 8 Aug 1997 (W32),KFC Uerdingen (3),2-1,2-1,SG Wattenscheid 09 (3)
?,(Fri) 8 Aug 1997 (W32),SpVgg Unterhaching (3),0-1,0-0,Fortuna Köln (3)
?,(Sun) 10 Aug 1997 (W32),FC Carl Zeiss Jena (3),0-3,0-2,Energie Cottbus (3)
?,(Sun) 10 Aug 1997 (W32),Eintracht Frankfurt (3),1-0,1-0,Stuttgarter Kickers (3)
?,(Sun) 10 Aug 1997 (W32),Greuther Fürth (3),1-0,1-0,FSV Zwickau (3)
?,(Sun) 10 Aug 1997 (W32),Gütersloh (3),1-2,0-2,SC Freiburg (3)
?,(Sun) 10 Aug 1997 (W32),VfB Leipzig (3),2-1,1-1,1. FC Nürnberg (3)
?,(Mon) 11 Aug 1997 (W33),FC St. Pauli (3),2-0,1-0,1. FSV Mainz 05 (3)
?,(Fri) 22 Aug 1997 (W34),Energie Cottbus (4),0-1,0-1,Eintracht Frankfurt (4)
?,(Fri) 22 Aug 1997 (W34),Fortuna Köln (4),1-1,1-1,Greuther Fürth (4)
?,(Fri) 22 Aug 1997 (W34),1. FSV Mainz 05 (4),1-1,0-1,Gütersloh (4)
?,(Sat) 23 Aug 1997 (W34),Stuttgarter Kickers (4),2-2,1-1,KFC Uerdingen (4)
?,(Sun) 24 Aug 1997 (W34),Fortuna Düsseldorf (4),1-1,1-0,SpVgg Unterhaching (4)
?,(Sun) 24 Aug 1997 (W34),SC Freiburg (4),5-2,3-1,VfB Leipzig (4)
?,(Sun) 24 Aug 1997 (W34),1. FC Nürnberg (4),1-3,1-1,FC Carl Zeiss Jena (4)
?,(Sun) 24 Aug 1997 (W34),SG Wattenscheid 09 (4),1-1,0-0,SV Meppen (4)
?,(Sun) 24 Aug 1997 (W34),FSV Zwickau (4),4-0,3-0,FC St. Pauli (4)
?,(Fri) 29 Aug 1997 (W35),1. FSV Mainz 05 (5),2-2,0-0,FSV Zwickau (5)
?,(Fri) 29 Aug 1997 (W35),KFC Uerdingen (5),2-1,2-1,Energie Cottbus (5)
?,(Fri) 29 Aug 1997 (W35),SpVgg Unterhaching (5),0-0,0-0,SG Wattenscheid 09 (5)
?,(Sat) 30 Aug 1997 (W35),Gütersloh (5),1-0,1-0,VfB Leipzig (5)
?,(Sun) 31 Aug 1997 (W35),FC Carl Zeiss Jena (5),1-4,0-2,SC Freiburg (5)
?,(Sun) 31 Aug 1997 (W35),Eintracht Frankfurt (5),4-1,3-0,1. FC Nürnberg (5)
?,(Sun) 31 Aug 1997 (W35),Greuther Fürth (5),2-2,0-0,Fortuna Düsseldorf (5)
?,(Sun) 31 Aug 1997 (W35),SV Meppen (5),1-1,0-1,Stuttgarter Kickers (5)
?,(Sun) 31 Aug 1997 (W35),FC St. Pauli (5),1-1,0-0,Fortuna Köln (5)
?,(Fri) 12 Sep 1997 (W37),SC Freiburg (6),0-0,0-0,Eintracht Frankfurt (6)
?,(Fri) 12 Sep 1997 (W37),1. FC Nürnberg (6),0-0,0-0,KFC Uerdingen (6)
?,(Sat) 13 Sep 1997 (W37),FSV Zwickau (6),2-2,0-1,Gütersloh (6)
?,(Sun) 14 Sep 1997 (W37),Energie Cottbus (6),1-0,1-0,SV Meppen (6)
?,(Sun) 14 Sep 1997 (W37),Fortuna Köln (6),2-1,1-0,1. FSV Mainz 05 (6)
?,(Sun) 14 Sep 1997 (W37),VfB Leipzig (6),0-0,0-0,FC Carl Zeiss Jena (6)
?,(Sun) 14 Sep 1997 (W37),Stuttgarter Kickers (6),2-3,2-2,SpVgg Unterhaching (6)
?,(Sun) 14 Sep 1997 (W37),SG Wattenscheid 09 (6),2-1,0-0,Greuther Fürth (6)
?,(Mon) 15 Sep 1997 (W38),Fortuna Düsseldorf (6),1-3,0-1,FC St. Pauli (6)
?,(Fri) 19 Sep 1997 (W38),Eintracht Frankfurt (7),3-2,2-0,VfB Leipzig (7)
?,(Fri) 19 Sep 1997 (W38),FC St. Pauli (7),1-1,0-1,SG Wattenscheid 09 (7)
?,(Sat) 20 Sep 1997 (W38),SpVgg Unterhaching (7),0-0,0-0,Energie Cottbus (7)
?,(Sat) 20 Sep 1997 (W38),FSV Zwickau (7),0-1,0-0,Fortuna Köln (7)
?,(Sun) 21 Sep 1997 (W38),Greuther Fürth (7),1-2,0-0,Stuttgarter Kickers (7)
?,(Sun) 21 Sep 1997 (W38),Gütersloh (7),1-0,1-0,FC Carl Zeiss Jena (7)
?,(Sun) 21 Sep 1997 (W38),1. FSV Mainz 05 (7),2-0,0-0,Fortuna Düsseldorf (7)
?,(Sun) 21 Sep 1997 (W38),SV Meppen (7),1-0,0-0,1. FC Nürnberg (7)
?,(Mon) 22 Sep 1997 (W39),KFC Uerdingen (7),1-0,0-0,SC Freiburg (7)
?,(Fri) 26 Sep 1997 (W39),Fortuna Düsseldorf (8),4-1,2-0,FSV Zwickau (8)
?,(Fri) 26 Sep 1997 (W39),1. FC Nürnberg (8),1-0,0-0,SpVgg Unterhaching (8)
?,(Sat) 27 Sep 1997 (W39),Fortuna Köln (8),2-2,1-2,Gütersloh (8)
?,(Sun) 28 Sep 1997 (W39),Energie Cottbus (8),3-0,2-0,Greuther Fürth (8)
?,(Sun) 28 Sep 1997 (W39),FC Carl Zeiss Jena (8),2-1,2-1,Eintracht Frankfurt (8)
?,(Sun) 28 Sep 1997 (W39),SC Freiburg (8),4-2,1-0,SV Meppen (8)
?,(Sun) 28 Sep 1997 (W39),Stuttgarter Kickers (8),3-1,3-1,FC St. Pauli (8)
?,(Sun) 28 Sep 1997 (W39),SG Wattenscheid 09 (8),1-1,1-0,1. FSV Mainz 05 (8)
?,(Mon) 29 Sep 1997 (W40),VfB Leipzig (8),2-1,0-0,KFC Uerdingen (8)
?,(Fri) 3 Oct 1997 (W40),1. FSV Mainz 05 (9),3-3,2-2,Stuttgarter Kickers (9)
?,(Fri) 3 Oct 1997 (W40),KFC Uerdingen (9),2-0,0-0,FC Carl Zeiss Jena (9)
?,(Sat) 4 Oct 1997 (W40),Fortuna Köln (9),0-3,0-0,Fortuna Düsseldorf (9)
?,(Sun) 5 Oct 1997 (W40),Gütersloh (9),0-0,0-0,Eintracht Frankfurt (9)
?,(Sun) 5 Oct 1997 (W40),SV Meppen (9),6-0,2-0,VfB Leipzig (9)
?,(Sun) 5 Oct 1997 (W40),FC St. Pauli (9),2-2,1-1,Energie Cottbus (9)
?,(Sun) 5 Oct 1997 (W40),SpVgg Unterhaching (9),1-1,1-0,SC Freiburg (9)
?,(Sun) 5 Oct 1997 (W40),FSV Zwickau (9),0-0,0-0,SG Wattenscheid 09 (9)
?,(Mon) 6 Oct 1997 (W41),Greuther Fürth (9),0-1,0-1,1. FC Nürnberg (9)
?,(Fri) 17 Oct 1997 (W42),Energie Cottbus (10),2-2,1-0,1. FSV Mainz 05 (10)
?,(Fri) 17 Oct 1997 (W42),FC Carl Zeiss Jena (10),2-1,0-0,SV Meppen (10)
?,(Sun) 19 Oct 1997 (W42),Fortuna Düsseldorf (10),0-1,0-1,Gütersloh (10)
?,(Sun) 19 Oct 1997 (W42),SC Freiburg (10),0-1,0-1,Greuther Fürth (10)
?,(Sun) 19 Oct 1997 (W42),VfB Leipzig (10),1-0,1-0,SpVgg Unterhaching (10)
?,(Sun) 19 Oct 1997 (W42),1. FC Nürnberg (10),1-0,0-0,FC St. Pauli (10)
?,(Sun) 19 Oct 1997 (W42),Stuttgarter Kickers (10),1-0,1-0,FSV Zwickau (10)
?,(Sun) 19 Oct 1997 (W42),SG Wattenscheid 09 (10),4-2,1-1,Fortuna Köln (10)
?,(Mon) 20 Oct 1997 (W43),Eintracht Frankfurt (10),0-1,0-0,KFC Uerdingen (10)
?,(Fri) 24 Oct 1997 (W43),Fortuna Köln (11),2-2,1-1,Stuttgarter Kickers (11)
?,(Fri) 24 Oct 1997 (W43),SV Meppen (11),1-1,0-0,Eintracht Frankfurt (11)
?,(Fri) 24 Oct 1997 (W43),SpVgg Unterhaching (11),3-0,1-0,FC Carl Zeiss Jena (11)
?,(Sun) 26 Oct 1997 (W43),Fortuna Düsseldorf (11),2-0,1-0,SG Wattenscheid 09 (11)
?,(Sun) 26 Oct 1997 (W43),Greuther Fürth (11),3-0,0-0,VfB Leipzig (11)
?,(Sun) 26 Oct 1997 (W43),Gütersloh (11),1-1,0-0,KFC Uerdingen (11)
?,(Sun) 26 Oct 1997 (W43),1. FSV Mainz 05 (11),2-5,1-3,1. FC Nürnberg (11)
?,(Sun) 26 Oct 1997 (W43),FSV Zwickau (11),0-0,0-0,Energie Cottbus (11)
?,(Mon) 27 Oct 1997 (W44),FC St. Pauli (11),2-0,1-0,SC Freiburg (11)
?,(Fri) 31 Oct 1997 (W44),FC Carl Zeiss Jena (12),0-1,0-0,Greuther Fürth (12)
?,(Fri) 31 Oct 1997 (W44),Eintracht Frankfurt (12),1-1,0-0,SpVgg Unterhaching (12)
?,(Fri) 31 Oct 1997 (W44),1. FC Nürnberg (12),2-0,1-0,FSV Zwickau (12)
?,(Sun) 2 Nov 1997 (W44),Energie Cottbus (12),1-1,0-0,Fortuna Köln (12)
?,(Sun) 2 Nov 1997 (W44),VfB Leipzig (12),2-0,0-0,FC St. Pauli (12)
?,(Sun) 2 Nov 1997 (W44),Stuttgarter Kickers (12),2-4,1-0,Fortuna Düsseldorf (12)
?,(Sun) 2 Nov 1997 (W44),KFC Uerdingen (12),2-0,1-0,SV Meppen (12)
?,(Sun) 2 Nov 1997 (W44),SG Wattenscheid 09 (12),1-2,0-2,Gütersloh (12)
?,(Mon) 3 Nov 1997 (W45),SC Freiburg (12),2-1,1-0,1. FSV Mainz 05 (12)
?,(Fri) 7 Nov 1997 (W45),1. FSV Mainz 05 (13),2-1,1-1,VfB Leipzig (13)
?,(Fri) 7 Nov 1997 (W45),FC St. Pauli (13),2-1,0-0,FC Carl Zeiss Jena (13)
?,(Fri) 7 Nov 1997 (W45),SG Wattenscheid 09 (13),0-1,0-0,Stuttgarter Kickers (13)
?,(Sun) 9 Nov 1997 (W45),Fortuna Düsseldorf (13),1-2,1-1,Energie Cottbus (13)
?,(Sun) 9 Nov 1997 (W45),Fortuna Köln (13),0-1,0-0,1. FC Nürnberg (13)
?,(Sun) 9 Nov 1997 (W45),Greuther Fürth (13),2-1,0-0,Eintracht Frankfurt (13)
?,(Sun) 9 Nov 1997 (W45),Gütersloh (13),1-0,1-0,SV Meppen (13)
?,(Sun) 9 Nov 1997 (W45),SpVgg Unterhaching (13),2-0,1-0,KFC Uerdingen (13)
?,(Mon) 10 Nov 1997 (W46),FSV Zwickau (13),0-1,0-0,SC Freiburg (13)
?,(Fri) 21 Nov 1997 (W47),FC Carl Zeiss Jena (14),2-2,1-2,1. FSV Mainz 05 (14)
?,(Fri) 21 Nov 1997 (W47),KFC Uerdingen (14),2-0,2-0,Greuther Fürth (14)
?,(Sat) 22 Nov 1997 (W47),SV Meppen (14),1-1,0-0,SpVgg Unterhaching (14)
?,(Sun) 23 Nov 1997 (W47),Energie Cottbus (14),1-2,0-0,SG Wattenscheid 09 (14)
?,(Sun) 23 Nov 1997 (W47),SC Freiburg (14),3-2,1-1,Fortuna Köln (14)
?,(Sun) 23 Nov 1997 (W47),VfB Leipzig (14),0-1,0-0,FSV Zwickau (14)
?,(Sun) 23 Nov 1997 (W47),1. FC Nürnberg (14),0-1,0-0,Fortuna Düsseldorf (14)
?,(Sun) 23 Nov 1997 (W47),Stuttgarter Kickers (14),0-2,0-0,Gütersloh (14)
?,(Mon) 24 Nov 1997 (W48),Eintracht Frankfurt (14),4-2,3-0,FC St. Pauli (14)
?,(Fri) 28 Nov 1997 (W48),1. FSV Mainz 05 (15),1-1,1-0,Eintracht Frankfurt (15)
?,(Fri) 28 Nov 1997 (W48),FC St. Pauli (15),0-0,0-0,KFC Uerdingen (15)
?,(Sat) 29 Nov 1997 (W48),Greuther Fürth (15),2-0,1-0,SV Meppen (15)
?,(Sat) 29 Nov 1997 (W48),FSV Zwickau (15),0-3,0-2,FC Carl Zeiss Jena (15)
?,(Sun) 30 Nov 1997 (W48),Energie Cottbus (15),2-1,0-1,Stuttgarter Kickers (15)
?,(Sun) 30 Nov 1997 (W48),Fortuna Düsseldorf (15),2-4,1-2,SC Freiburg (15)
?,(Sun) 30 Nov 1997 (W48),Fortuna Köln (15),2-0,0-0,VfB Leipzig (15)
?,(Sun) 30 Nov 1997 (W48),SpVgg Unterhaching (15),1-1,1-1,Gütersloh (15)
?,(Mon) 1 Dec 1997 (W49),SG Wattenscheid 09 (15),0-1,0-1,1. FC Nürnberg (15)
?,(Sat) 6 Dec 1997 (W49),SC Freiburg (16),4-0,3-0,SG Wattenscheid 09 (16)
?,(Sat) 6 Dec 1997 (W49),VfB Leipzig (16),1-1,0-1,Fortuna Düsseldorf (16)
?,(Sun) 7 Dec 1997 (W49),Eintracht Frankfurt (16),1-1,1-0,FSV Zwickau (16)
?,(Sun) 7 Dec 1997 (W49),Gütersloh (16),0-0,0-0,Energie Cottbus (16)
?,(Sun) 7 Dec 1997 (W49),SV Meppen (16),0-3,0-2,FC St. Pauli (16)
?,(Sun) 7 Dec 1997 (W49),KFC Uerdingen (16),0-1,0-0,1. FSV Mainz 05 (16)
?,(Sun) 7 Dec 1997 (W49),SpVgg Unterhaching (16),0-1,0-0,Greuther Fürth (16)
?,(Mon) 8 Dec 1997 (W50),1. FC Nürnberg (16),1-0,0-0,Stuttgarter Kickers (16)
?,(Fri) 12 Dec 1997 (W50),Fortuna Düsseldorf (17),2-2,0-1,FC Carl Zeiss Jena (16)
?,(Fri) 12 Dec 1997 (W50),Stuttgarter Kickers (17),0-1,0-1,SC Freiburg (17)
?,(Fri) 12 Dec 1997 (W50),SG Wattenscheid 09 (17),4-0,2-0,VfB Leipzig (17)
?,(Sat) 13 Dec 1997 (W50),FSV Zwickau (17),1-0,1-0,KFC Uerdingen (17)
?,(Sun) 14 Dec 1997 (W50),Energie Cottbus (17),1-1,1-1,1. FC Nürnberg (17)
?,(Sun) 14 Dec 1997 (W50),Fortuna Köln (16),1-2,1-0,Eintracht Frankfurt (17)
?,(Sun) 14 Dec 1997 (W50),Greuther Fürth (17),0-0,0-0,Gütersloh (17)
?,(Sun) 14 Dec 1997 (W50),1. FSV Mainz 05 (17),3-0,0-0,SV Meppen (17)
?,(Mon) 15 Dec 1997 (W51),FC St. Pauli (17),1-0,0-0,SpVgg Unterhaching (17)
?,(Sat) 20 Dec 1997 (W51),FC Carl Zeiss Jena (17),1-3,1-2,Fortuna Köln (17)
?,(Sat) 14 Feb 1998 (W7),1. FC Nürnberg (18),1-0,0-0,Gütersloh (18)
?,(Sat) 14 Feb 1998 (W7),FC St. Pauli (18),1-0,0-0,Greuther Fürth (18)
?,(Sat) 14 Feb 1998 (W7),FSV Zwickau (18),0-0,0-0,SV Meppen (18)
?,(Sun) 15 Feb 1998 (W7),Energie Cottbus (18),2-1,2-0,SC Freiburg (18)
?,(Sun) 15 Feb 1998 (W7),Fortuna Köln (18),2-2,0-1,KFC Uerdingen (18)
?,(Sun) 15 Feb 1998 (W7),1. FSV Mainz 05 (18),1-1,0-0,SpVgg Unterhaching (18)
?,(Sun) 15 Feb 1998 (W7),Stuttgarter Kickers (18),2-3,1-1,VfB Leipzig (18)
?,(Sun) 15 Feb 1998 (W7),SG Wattenscheid 09 (18),2-0,2-0,FC Carl Zeiss Jena (18)
?,(Mon) 16 Feb 1998 (W8),Fortuna Düsseldorf (18),0-0,0-0,Eintracht Frankfurt (18)
?,(Fri) 20 Feb 1998 (W8),SC Freiburg (19),0-1,0-1,1. FC Nürnberg (19)
?,(Fri) 20 Feb 1998 (W8),VfB Leipzig (19),0-0,0-0,Energie Cottbus (19)
?,(Sun) 22 Feb 1998 (W8),FC Carl Zeiss Jena (19),2-1,0-0,Stuttgarter Kickers (19)
?,(Sun) 22 Feb 1998 (W8),Greuther Fürth (19),2-2,1-1,1. FSV Mainz 05 (19)
?,(Sun) 22 Feb 1998 (W8),Gütersloh (19),1-1,0-0,FC St. Pauli (19)
?,(Sun) 22 Feb 1998 (W8),SpVgg Unterhaching (19),2-0,0-0,FSV Zwickau (19)
?,(Mon) 23 Feb 1998 (W9),Eintracht Frankfurt (19),2-1,2-1,SG Wattenscheid 09 (19)
?,(Wed) 25 Feb 1998 (W9),SV Meppen (19),2-2,0-1,Fortuna Köln (19)
?,(Wed) 25 Feb 1998 (W9),KFC Uerdingen (19),0-1,0-1,Fortuna Düsseldorf (19)
?,(Fri) 27 Feb 1998 (W9),1. FC Nürnberg (20),3-1,2-1,VfB Leipzig (20)
?,(Fri) 27 Feb 1998 (W9),FSV Zwickau (20),1-1,0-0,Greuther Fürth (20)
?,(Sat) 28 Feb 1998 (W9),Stuttgarter Kickers (20),2-3,0-1,Eintracht Frankfurt (20)
?,(Sun) 1 Mar 1998 (W9),Energie Cottbus (20),0-0,0-0,FC Carl Zeiss Jena (20)
?,(Sun) 1 Mar 1998 (W9),Fortuna Düsseldorf (20),4-3,1-1,SV Meppen (20)
?,(Sun) 1 Mar 1998 (W9),Fortuna Köln (20),2-1,0-0,SpVgg Unterhaching (20)
?,(Sun) 1 Mar 1998 (W9),1. FSV Mainz 05 (20),0-0,0-0,FC St. Pauli (20)
?,(Sun) 1 Mar 1998 (W9),SG Wattenscheid 09 (20),0-1,0-1,KFC Uerdingen (20)
?,(Mon) 2 Mar 1998 (W10),SC Freiburg (20),2-1,1-1,Gütersloh (20)
?,(Fri) 6 Mar 1998 (W10),FC Carl Zeiss Jena (21),0-3,0-2,1. FC Nürnberg (21)
?,(Fri) 6 Mar 1998 (W10),FC St. Pauli (21),3-1,2-0,FSV Zwickau (21)
?,(Fri) 6 Mar 1998 (W10),KFC Uerdingen (21),0-2,0-1,Stuttgarter Kickers (21)
?,(Sun) 8 Mar 1998 (W10),Eintracht Frankfurt (21),2-0,1-0,Energie Cottbus (21)
?,(Sun) 8 Mar 1998 (W10),Greuther Fürth (21),0-0,0-0,Fortuna Köln (21)
?,(Sun) 8 Mar 1998 (W10),Gütersloh (21),3-2,2-2,1. FSV Mainz 05 (21)
?,(Sun) 8 Mar 1998 (W10),VfB Leipzig (21),2-0,1-0,SC Freiburg (21)
?,(Mon) 9 Mar 1998 (W11),SpVgg Unterhaching (21),3-1,2-1,Fortuna Düsseldorf (21)
?,(Tue) 10 Mar 1998 (W11),KFC Uerdingen (22),0-3,0-1,1. FC Nürnberg (22)
?,(Fri) 13 Mar 1998 (W11),SC Freiburg (22),1-1,1-0,FC Carl Zeiss Jena (22)
?,(Fri) 13 Mar 1998 (W11),VfB Leipzig (22),1-0,0-0,Gütersloh (22)
?,(Fri) 13 Mar 1998 (W11),SG Wattenscheid 09 (21),2-0,1-0,SpVgg Unterhaching (22)
?,(Sat) 14 Mar 1998 (W11),Fortuna Köln (22),1-1,0-0,FC St. Pauli (22)
?,(Sun) 15 Mar 1998 (W11),Energie Cottbus (22),2-2,0-1,KFC Uerdingen (23)
?,(Sun) 15 Mar 1998 (W11),Fortuna Düsseldorf (22),1-0,1-0,Greuther Fürth (22)
?,(Sun) 15 Mar 1998 (W11),FSV Zwickau (22),0-0,0-0,1. FSV Mainz 05 (22)
?,(Mon) 16 Mar 1998 (W12),1. FC Nürnberg (23),0-1,0-1,Eintracht Frankfurt (22)
?,(Tue) 17 Mar 1998 (W12),SV Meppen (21),1-0,0-0,SG Wattenscheid 09 (22)
?,(Fri) 20 Mar 1998 (W12),1. FSV Mainz 05 (23),2-2,1-0,Fortuna Köln (23)
?,(Fri) 20 Mar 1998 (W12),FC St. Pauli (23),3-1,2-1,Fortuna Düsseldorf (23)
?,(Sun) 22 Mar 1998 (W12),Greuther Fürth (23),0-0,0-0,SG Wattenscheid 09 (23)
?,(Sun) 22 Mar 1998 (W12),SV Meppen (22),3-1,3-0,Energie Cottbus (23)
?,(Sun) 22 Mar 1998 (W12),SpVgg Unterhaching (23),2-0,0-0,Stuttgarter Kickers (22)
?,(Mon) 23 Mar 1998 (W13),Eintracht Frankfurt (23),2-0,1-0,SC Freiburg (23)
?,(Fri) 27 Mar 1998 (W13),FC Carl Zeiss Jena (23),2-1,1-0,Gütersloh (23)
?,(Fri) 27 Mar 1998 (W13),VfB Leipzig (23),1-1,0-1,Eintracht Frankfurt (24)
?,(Sat) 28 Mar 1998 (W13),Fortuna Köln (24),5-2,3-0,FSV Zwickau (23)
?,(Sun) 29 Mar 1998 (W13),Energie Cottbus (24),1-0,1-0,SpVgg Unterhaching (24)
?,(Sun) 29 Mar 1998 (W13),Fortuna Düsseldorf (24),2-0,1-0,1. FSV Mainz 05 (24)
?,(Sun) 29 Mar 1998 (W13),Stuttgarter Kickers (23),1-0,0-0,Greuther Fürth (24)
?,(Sun) 29 Mar 1998 (W13),SG Wattenscheid 09 (24),4-1,1-0,FC St. Pauli (24)
?,(Mon) 30 Mar 1998 (W14),SC Freiburg (24),0-0,0-0,KFC Uerdingen (24)
?,(Mon) 30 Mar 1998 (W14),1. FC Nürnberg (24),4-0,1-0,SV Meppen (23)
?,(Fri) 3 Apr 1998 (W14),Eintracht Frankfurt (25),2-2,0-2,FC Carl Zeiss Jena (24)
?,(Fri) 3 Apr 1998 (W14),SV Meppen (24),0-5,0-1,SC Freiburg (25)
?,(Fri) 3 Apr 1998 (W14),FSV Zwickau (24),0-1,0-0,Fortuna Düsseldorf (25)
?,(Sun) 5 Apr 1998 (W14),Greuther Fürth (25),1-0,0-0,Energie Cottbus (25)
?,(Sun) 5 Apr 1998 (W14),Gütersloh (24),1-0,1-0,Fortuna Köln (25)
?,(Sun) 5 Apr 1998 (W14),1. FSV Mainz 05 (25),1-3,1-0,SG Wattenscheid 09 (25)
?,(Sun) 5 Apr 1998 (W14),FC St. Pauli (25),0-0,0-0,Stuttgarter Kickers (24)
?,(Sun) 5 Apr 1998 (W14),KFC Uerdingen (25),0-1,0-1,VfB Leipzig (24)
?,(Mon) 6 Apr 1998 (W15),SpVgg Unterhaching (25),2-2,1-0,1. FC Nürnberg (25)
?,(Thu) 9 Apr 1998 (W15),Eintracht Frankfurt (26),0-0,0-0,Gütersloh (25)
?,(Thu) 9 Apr 1998 (W15),VfB Leipzig (25),0-0,0-0,SV Meppen (25)
?,(Thu) 9 Apr 1998 (W15),1. FC Nürnberg (26),0-1,0-0,Greuther Fürth (26)
?,(Sat) 11 Apr 1998 (W15),SG Wattenscheid 09 (26),2-1,1-1,FSV Zwickau (25)
?,(Sun) 12 Apr 1998 (W15),FC Carl Zeiss Jena (25),0-3,0-0,KFC Uerdingen (26)
?,(Sun) 12 Apr 1998 (W15),Fortuna Düsseldorf (26),2-3,1-1,Fortuna Köln (26)
?,(Sun) 12 Apr 1998 (W15),SC Freiburg (26),1-1,1-0,SpVgg Unterhaching (26)
?,(Sun) 12 Apr 1998 (W15),Stuttgarter Kickers (25),1-2,0-1,1. FSV Mainz 05 (26)
?,(Mon) 13 Apr 1998 (W16),Energie Cottbus (26),0-0,0-0,FC St. Pauli (26)
?,(Wed) 15 Apr 1998 (W16),Gütersloh (26),5-0,2-0,FSV Zwickau (26)
?,(Wed) 15 Apr 1998 (W16),Stuttgarter Kickers (26),2-1,1-1,SV Meppen (26)
?,(Fri) 17 Apr 1998 (W16),1. FSV Mainz 05 (27),0-0,0-0,Energie Cottbus (27)
?,(Fri) 17 Apr 1998 (W16),FC St. Pauli (27),0-0,0-0,1. FC Nürnberg (27)
?,(Fri) 17 Apr 1998 (W16),SpVgg Unterhaching (27),1-1,1-0,VfB Leipzig (26)
?,(Sun) 19 Apr 1998 (W16),Fortuna Köln (27),3-2,1-0,SG Wattenscheid 09 (27)
?,(Sun) 19 Apr 1998 (W16),Greuther Fürth (27),1-1,0-0,SC Freiburg (27)
?,(Sun) 19 Apr 1998 (W16),Gütersloh (27),2-1,1-0,Fortuna Düsseldorf (27)
?,(Sun) 19 Apr 1998 (W16),SV Meppen (27),0-2,0-1,FC Carl Zeiss Jena (26)
?,(Sun) 19 Apr 1998 (W16),FSV Zwickau (27),0-1,0-1,Stuttgarter Kickers (27)
?,(Mon) 20 Apr 1998 (W17),KFC Uerdingen (27),0-1,0-0,Eintracht Frankfurt (27)
?,(Fri) 24 Apr 1998 (W17),Stuttgarter Kickers (28),1-1,1-0,Fortuna Köln (28)
?,(Fri) 24 Apr 1998 (W17),KFC Uerdingen (28),0-3,0-1,Gütersloh (28)
?,(Fri) 24 Apr 1998 (W17),SG Wattenscheid 09 (28),4-0,1-0,Fortuna Düsseldorf (28)
?,(Sun) 26 Apr 1998 (W17),Energie Cottbus (28),2-1,2-1,FSV Zwickau (28)
?,(Sun) 26 Apr 1998 (W17),Eintracht Frankfurt (28),1-0,1-0,SV Meppen (28)
?,(Sun) 26 Apr 1998 (W17),VfB Leipzig (27),2-0,2-0,Greuther Fürth (28)
?,(Sun) 26 Apr 1998 (W17),1. FC Nürnberg (28),1-0,0-0,1. FSV Mainz 05 (28)
?,(Mon) 27 Apr 1998 (W18),SC Freiburg (28),0-0,0-0,FC St. Pauli (28)
?,(Wed) 29 Apr 1998 (W18),FC Carl Zeiss Jena (27),2-3,2-0,SpVgg Unterhaching (28)
?,(Fri) 1 May 1998 (W18),1. FSV Mainz 05 (29),0-1,0-0,SC Freiburg (29)
?,(Fri) 1 May 1998 (W18),SV Meppen (29),2-3,0-0,KFC Uerdingen (29)
?,(Fri) 1 May 1998 (W18),FC St. Pauli (29),1-0,1-0,VfB Leipzig (28)
?,(Sun) 3 May 1998 (W18),Fortuna Düsseldorf (29),0-1,0-0,Stuttgarter Kickers (29)
?,(Sun) 3 May 1998 (W18),Fortuna Köln (29),2-0,1-0,Energie Cottbus (29)
?,(Sun) 3 May 1998 (W18),Greuther Fürth (29),3-0,1-0,FC Carl Zeiss Jena (28)
?,(Sun) 3 May 1998 (W18),Gütersloh (29),0-0,0-0,SG Wattenscheid 09 (29)
?,(Sun) 3 May 1998 (W18),SpVgg Unterhaching (29),1-2,0-0,Eintracht Frankfurt (29)
?,(Mon) 4 May 1998 (W19),FSV Zwickau (29),2-3,1-1,1. FC Nürnberg (29)
?,(Fri) 8 May 1998 (W19),FC Carl Zeiss Jena (29),1-1,0-1,FC St. Pauli (30)
?,(Fri) 8 May 1998 (W19),SC Freiburg (30),1-3,1-0,FSV Zwickau (30)
?,(Fri) 8 May 1998 (W19),Stuttgarter Kickers (30),2-0,1-0,SG Wattenscheid 09 (30)
?,(Sun) 10 May 1998 (W19),Energie Cottbus (30),2-1,0-1,Fortuna Düsseldorf (30)
?,(Sun) 10 May 1998 (W19),Eintracht Frankfurt (30),1-1,0-0,Greuther Fürth (30)
?,(Sun) 10 May 1998 (W19),VfB Leipzig (29),1-3,0-1,1. FSV Mainz 05 (30)
?,(Sun) 10 May 1998 (W19),1. FC Nürnberg (30),1-1,0-1,Fortuna Köln (30)
?,(Sun) 10 May 1998 (W19),KFC Uerdingen (30),2-2,0-0,SpVgg Unterhaching (30)
?,(Mon) 11 May 1998 (W20),SV Meppen (30),0-2,0-1,Gütersloh (30)
?,(Fri) 15 May 1998 (W20),Fortuna Düsseldorf (31),2-1,1-0,1. FC Nürnberg (31)
?,(Fri) 15 May 1998 (W20),1. FSV Mainz 05 (31),5-0,4-0,FC Carl Zeiss Jena (30)
?,(Fri) 15 May 1998 (W20),FSV Zwickau (31),2-0,0-0,VfB Leipzig (30)
?,(Sun) 17 May 1998 (W20),Fortuna Köln (31),0-2,0-0,SC Freiburg (31)
?,(Sun) 17 May 1998 (W20),Greuther Fürth (31),3-1,2-0,KFC Uerdingen (31)
?,(Sun) 17 May 1998 (W20),Gütersloh (31),1-1,0-0,Stuttgarter Kickers (31)
?,(Sun) 17 May 1998 (W20),SpVgg Unterhaching (31),1-0,0-0,SV Meppen (31)
?,(Sun) 17 May 1998 (W20),SG Wattenscheid 09 (31),0-2,0-1,Energie Cottbus (31)
?,(Mon) 18 May 1998 (W21),FC St. Pauli (31),2-0,1-0,Eintracht Frankfurt (31)
?,(Wed) 20 May 1998 (W21),FC Carl Zeiss Jena (31),2-3,1-1,FSV Zwickau (32)
?,(Thu) 21 May 1998 (W21),VfB Leipzig (31),1-4,1-3,Fortuna Köln (32)
?,(Thu) 21 May 1998 (W21),SV Meppen (32),2-1,0-1,Greuther Fürth (32)
?,(Thu) 21 May 1998 (W21),1. FC Nürnberg (32),2-2,0-0,SG Wattenscheid 09 (32)
?,(Thu) 21 May 1998 (W21),KFC Uerdingen (32),0-2,0-1,FC St. Pauli (32)
?,(Fri) 22 May 1998 (W21),SC Freiburg (32),2-0,2-0,Fortuna Düsseldorf (32)
?,(Fri) 22 May 1998 (W21),Gütersloh (32),0-0,0-0,SpVgg Unterhaching (32)
?,(Sun) 24 May 1998 (W21),Stuttgarter Kickers (32),2-1,2-0,Energie Cottbus (32)
?,(Mon) 25 May 1998 (W22),Eintracht Frankfurt (32),2-2,2-0,1. FSV Mainz 05 (32)
?,(Tue) 26 May 1998 (W22),FC Carl Zeiss Jena (32),0-0,0-0,VfB Leipzig (32)
?,(Wed) 3 Jun 1998 (W23),Energie Cottbus (33),2-2,0-1,Gütersloh (33)
?,(Wed) 3 Jun 1998 (W23),Fortuna Düsseldorf (33),2-0,0-0,VfB Leipzig (33)
?,(Wed) 3 Jun 1998 (W23),Fortuna Köln (33),0-3,0-1,FC Carl Zeiss Jena (33)
?,(Wed) 3 Jun 1998 (W23),Greuther Fürth (33),0-0,0-0,SpVgg Unterhaching (33)
?,(Wed) 3 Jun 1998 (W23),1. FSV Mainz 05 (33),2-1,0-1,KFC Uerdingen (33)
?,(Wed) 3 Jun 1998 (W23),FC St. Pauli (33),3-1,0-0,SV Meppen (33)
?,(Wed) 3 Jun 1998 (W23),Stuttgarter Kickers (33),1-1,0-1,1. FC Nürnberg (33)
?,(Wed) 3 Jun 1998 (W23),SG Wattenscheid 09 (33),1-4,1-2,SC Freiburg (33)
?,(Wed) 3 Jun 1998 (W23),FSV Zwickau (33),1-1,1-1,Eintracht Frankfurt (33)
?,(Sun) 7 Jun 1998 (W23),FC Carl Zeiss Jena (34),3-4,3-1,Fortuna Düsseldorf (34)
?,(Sun) 7 Jun 1998 (W23),Eintracht Frankfurt (34),4-2,0-0,Fortuna Köln (34)
?,(Sun) 7 Jun 1998 (W23),SC Freiburg (34),2-1,2-1,Stuttgarter Kickers (34)
?,(Sun) 7 Jun 1998 (W23),Gütersloh (34),1-1,0-1,Greuther Fürth (34)
?,(Sun) 7 Jun 1998 (W23),VfB Leipzig (34),0-0,0-0,SG Wattenscheid 09 (34)
?,(Sun) 7 Jun 1998 (W23),SV Meppen (34),0-3,0-1,1. FSV Mainz 05 (34)
?,(Sun) 7 Jun 1998 (W23),1. FC Nürnberg (34),3-3,1-1,Energie Cottbus (34)
?,(Sun) 7 Jun 1998 (W23),KFC Uerdingen (34),2-2,1-0,FSV Zwickau (34)
?,(Sun) 7 Jun 1998 (W23),SpVgg Unterhaching (34),1-4,0-1,FC St. Pauli (34)
