Round,Date,Team 1,FT,HT,Team 2
?,(Sat) 7 Aug 2004 (W32),Dynamo Dresden (1),3-1,0-0,MSV Duisburg (1)
?,(Sat) 7 Aug 2004 (W32),Rot-Weiss Essen (1),1-5,0-4,FC Erzgebirge Aue (1)
?,(Sat) 7 Aug 2004 (W32),Karlsruher SC (1),1-1,0-0,Wacker Burghausen (1)
?,(Sun) 8 Aug 2004 (W32),1. FC Köln (1),0-0,0-0,Energie Cottbus (1)
?,(Sun) 8 Aug 2004 (W32),Greuther Fürth (1),1-0,0-0,Rot Weiss Ahlen (1)
?,(Sun) 8 Aug 2004 (W32),TSV 1860 München (1),2-2,2-1,SpVgg Unterhaching (1)
?,(Sun) 8 Aug 2004 (W32),Rot-Weiß Oberhausen (1),1-1,1-1,Eintracht Trier (1)
?,(Sun) 8 Aug 2004 (W32),1. FC Saarbrücken (1),0-2,0-1,FC Rot-Weiß Erfurt (1)
?,(Mon) 9 Aug 2004 (W33),Alemannia Aachen (1),1-1,0-0,Eintracht Frankfurt (1)
?,(Fri) 13 Aug 2004 (W33),Wacker Burghausen (2),4-2,2-1,1. FC Köln (2)
?,(Fri) 13 Aug 2004 (W33),MSV Duisburg (2),2-1,1-0,1. FC Saarbrücken (2)
?,(Fri) 13 Aug 2004 (W33),FC Erzgebirge Aue (2),3-1,2-1,TSV 1860 München (2)
?,(Sun) 15 Aug 2004 (W33),Rot Weiss Ahlen (2),1-1,1-1,Alemannia Aachen (2)
?,(Sun) 15 Aug 2004 (W33),Eintracht Frankfurt (2),2-1,0-0,Karlsruher SC (2)
?,(Sun) 15 Aug 2004 (W33),Eintracht Trier (2),1-1,0-1,Rot-Weiss Essen (2)
?,(Sun) 15 Aug 2004 (W33),FC Rot-Weiß Erfurt (2),1-1,1-0,Rot-Weiß Oberhausen (2)
?,(Sun) 15 Aug 2004 (W33),SpVgg Unterhaching (2),1-2,1-1,Greuther Fürth (2)
?,(Mon) 16 Aug 2004 (W34),Energie Cottbus (2),2-1,1-1,Dynamo Dresden (2)
?,(Fri) 27 Aug 2004 (W35),Alemannia Aachen (3),4-0,2-0,Karlsruher SC (3)
?,(Fri) 27 Aug 2004 (W35),Rot-Weiss Essen (3),0-0,0-0,FC Rot-Weiß Erfurt (3)
?,(Fri) 27 Aug 2004 (W35),TSV 1860 München (3),2-0,1-0,Eintracht Trier (3)
?,(Sun) 29 Aug 2004 (W35),Rot Weiss Ahlen (3),1-2,0-1,SpVgg Unterhaching (3)
?,(Sun) 29 Aug 2004 (W35),Dynamo Dresden (3),1-1,0-1,Wacker Burghausen (3)
?,(Sun) 29 Aug 2004 (W35),Greuther Fürth (3),1-0,1-0,FC Erzgebirge Aue (3)
?,(Sun) 29 Aug 2004 (W35),Rot-Weiß Oberhausen (3),0-2,0-1,MSV Duisburg (3)
?,(Sun) 29 Aug 2004 (W35),1. FC Saarbrücken (3),0-0,0-0,Energie Cottbus (3)
?,(Mon) 30 Aug 2004 (W36),1. FC Köln (3),2-0,1-0,Eintracht Frankfurt (3)
?,(Fri) 10 Sep 2004 (W37),Wacker Burghausen (4),1-2,1-0,1. FC Saarbrücken (4)
?,(Fri) 10 Sep 2004 (W37),Energie Cottbus (4),1-0,0-0,Rot-Weiß Oberhausen (4)
?,(Fri) 10 Sep 2004 (W37),Eintracht Frankfurt (4),2-1,1-0,Dynamo Dresden (4)
?,(Sun) 12 Sep 2004 (W37),MSV Duisburg (4),1-0,0-0,Rot-Weiss Essen (4)
?,(Sun) 12 Sep 2004 (W37),Eintracht Trier (4),0-0,0-0,Greuther Fürth (4)
?,(Sun) 12 Sep 2004 (W37),FC Erzgebirge Aue (4),0-0,0-0,Rot Weiss Ahlen (4)
?,(Sun) 12 Sep 2004 (W37),Karlsruher SC (4),0-1,0-0,1. FC Köln (4)
?,(Sun) 12 Sep 2004 (W37),SpVgg Unterhaching (4),0-2,0-0,Alemannia Aachen (4)
?,(Mon) 13 Sep 2004 (W38),FC Rot-Weiß Erfurt (4),0-0,0-0,TSV 1860 München (4)
?,(Fri) 17 Sep 2004 (W38),Rot Weiss Ahlen (5),2-2,1-0,Eintracht Trier (5)
?,(Fri) 17 Sep 2004 (W38),Dynamo Dresden (5),1-2,0-1,Karlsruher SC (5)
?,(Fri) 17 Sep 2004 (W38),TSV 1860 München (5),1-0,0-0,MSV Duisburg (5)
?,(Sun) 19 Sep 2004 (W38),Alemannia Aachen (5),2-3,1-0,1. FC Köln (5)
?,(Sun) 19 Sep 2004 (W38),Rot-Weiss Essen (5),4-2,1-0,Energie Cottbus (5)
?,(Sun) 19 Sep 2004 (W38),Greuther Fürth (5),2-0,2-0,FC Rot-Weiß Erfurt (5)
?,(Sun) 19 Sep 2004 (W38),Rot-Weiß Oberhausen (5),1-2,1-0,Wacker Burghausen (5)
?,(Sun) 19 Sep 2004 (W38),1. FC Saarbrücken (5),3-0,1-0,Eintracht Frankfurt (5)
?,(Sun) 19 Sep 2004 (W38),SpVgg Unterhaching (5),4-1,2-0,FC Erzgebirge Aue (5)
?,(Fri) 24 Sep 2004 (W39),Wacker Burghausen (6),3-2,2-1,Rot-Weiss Essen (6)
?,(Fri) 24 Sep 2004 (W39),FC Rot-Weiß Erfurt (6),1-1,0-0,Rot Weiss Ahlen (6)
?,(Fri) 24 Sep 2004 (W39),Karlsruher SC (6),1-1,0-1,1. FC Saarbrücken (6)
?,(Sun) 26 Sep 2004 (W39),MSV Duisburg (6),1-0,1-0,Greuther Fürth (6)
?,(Sun) 26 Sep 2004 (W39),Eintracht Frankfurt (6),6-2,1-1,Rot-Weiß Oberhausen (6)
?,(Sun) 26 Sep 2004 (W39),Eintracht Trier (6),2-0,2-0,SpVgg Unterhaching (6)
?,(Sun) 26 Sep 2004 (W39),FC Erzgebirge Aue (6),1-1,0-0,Alemannia Aachen (6)
?,(Sun) 26 Sep 2004 (W39),1. FC Köln (6),3-2,0-2,Dynamo Dresden (6)
?,(Mon) 27 Sep 2004 (W40),Energie Cottbus (6),1-1,0-1,TSV 1860 München (6)
?,(Fri) 1 Oct 2004 (W40),Rot Weiss Ahlen (7),2-0,1-0,MSV Duisburg (7)
?,(Fri) 1 Oct 2004 (W40),Rot-Weiss Essen (7),4-4,2-2,Eintracht Frankfurt (7)
?,(Fri) 1 Oct 2004 (W40),SpVgg Unterhaching (7),4-0,2-0,FC Rot-Weiß Erfurt (7)
?,(Sun) 3 Oct 2004 (W40),FC Erzgebirge Aue (7),1-2,0-0,Eintracht Trier (7)
?,(Sun) 3 Oct 2004 (W40),Greuther Fürth (7),2-0,1-0,Energie Cottbus (7)
?,(Sun) 3 Oct 2004 (W40),TSV 1860 München (7),2-4,1-1,Wacker Burghausen (7)
?,(Sun) 3 Oct 2004 (W40),Rot-Weiß Oberhausen (7),1-0,1-0,Karlsruher SC (7)
?,(Sun) 3 Oct 2004 (W40),1. FC Saarbrücken (7),2-0,1-0,1. FC Köln (7)
?,(Mon) 4 Oct 2004 (W41),Alemannia Aachen (7),5-1,2-0,Dynamo Dresden (7)
?,(Fri) 15 Oct 2004 (W42),MSV Duisburg (8),3-1,1-0,SpVgg Unterhaching (8)
?,(Fri) 15 Oct 2004 (W42),FC Rot-Weiß Erfurt (8),0-3,0-2,FC Erzgebirge Aue (8)
?,(Fri) 15 Oct 2004 (W42),Karlsruher SC (8),4-1,2-1,Rot-Weiss Essen (8)
?,(Sun) 17 Oct 2004 (W42),Wacker Burghausen (8),0-1,0-1,Greuther Fürth (8)
?,(Sun) 17 Oct 2004 (W42),Energie Cottbus (8),0-0,0-0,Rot Weiss Ahlen (8)
?,(Sun) 17 Oct 2004 (W42),Dynamo Dresden (8),2-1,2-1,1. FC Saarbrücken (8)
?,(Sun) 17 Oct 2004 (W42),Eintracht Trier (8),0-4,0-2,Alemannia Aachen (8)
?,(Sun) 17 Oct 2004 (W42),1. FC Köln (8),3-2,1-2,Rot-Weiß Oberhausen (8)
?,(Mon) 18 Oct 2004 (W43),Eintracht Frankfurt (8),1-2,0-2,TSV 1860 München (8)
?,(Fri) 22 Oct 2004 (W43),Rot-Weiss Essen (9),2-2,1-0,1. FC Köln (9)
?,(Fri) 22 Oct 2004 (W43),Greuther Fürth (9),2-1,1-1,Eintracht Frankfurt (9)
?,(Fri) 22 Oct 2004 (W43),TSV 1860 München (9),1-1,0-1,Karlsruher SC (9)
?,(Fri) 22 Oct 2004 (W43),SpVgg Unterhaching (9),2-1,0-1,Energie Cottbus (9)
?,(Sun) 24 Oct 2004 (W43),Alemannia Aachen (9),3-1,2-0,1. FC Saarbrücken (9)
?,(Sun) 24 Oct 2004 (W43),Eintracht Trier (9),2-0,0-0,FC Rot-Weiß Erfurt (9)
?,(Sun) 24 Oct 2004 (W43),FC Erzgebirge Aue (9),1-3,0-0,MSV Duisburg (9)
?,(Sun) 24 Oct 2004 (W43),Rot-Weiß Oberhausen (9),2-0,1-0,Dynamo Dresden (9)
?,(Tue) 26 Oct 2004 (W44),Wacker Burghausen (9),2-0,1-0,SpVgg Unterhaching (10)
?,(Tue) 26 Oct 2004 (W44),Eintracht Frankfurt (10),2-3,2-2,Rot Weiss Ahlen (9)
?,(Tue) 26 Oct 2004 (W44),1. FC Köln (10),2-0,2-0,TSV 1860 München (10)
?,(Tue) 26 Oct 2004 (W44),Karlsruher SC (10),2-2,0-1,Greuther Fürth (10)
?,(Wed) 27 Oct 2004 (W44),Dynamo Dresden (10),1-0,1-0,Rot-Weiss Essen (10)
?,(Wed) 27 Oct 2004 (W44),MSV Duisburg (10),4-3,3-3,Eintracht Trier (10)
?,(Wed) 27 Oct 2004 (W44),FC Rot-Weiß Erfurt (10),1-0,0-0,Alemannia Aachen (10)
?,(Wed) 27 Oct 2004 (W44),1. FC Saarbrücken (10),3-0,2-0,Rot-Weiß Oberhausen (10)
?,(Thu) 28 Oct 2004 (W44),Energie Cottbus (10),1-0,0-0,FC Erzgebirge Aue (10)
?,(Fri) 29 Oct 2004 (W44),Rot Weiss Ahlen (10),2-2,1-2,Karlsruher SC (11)
?,(Fri) 29 Oct 2004 (W44),Greuther Fürth (11),0-1,0-0,1. FC Köln (11)
?,(Fri) 29 Oct 2004 (W44),SpVgg Unterhaching (11),2-0,1-0,Eintracht Frankfurt (11)
?,(Sun) 31 Oct 2004 (W44),Alemannia Aachen (11),2-1,2-0,Rot-Weiß Oberhausen (11)
?,(Sun) 31 Oct 2004 (W44),Eintracht Trier (11),2-1,1-1,Energie Cottbus (11)
?,(Sun) 31 Oct 2004 (W44),FC Rot-Weiß Erfurt (11),0-0,0-0,MSV Duisburg (11)
?,(Sun) 31 Oct 2004 (W44),FC Erzgebirge Aue (11),2-0,0-0,Wacker Burghausen (10)
?,(Sun) 31 Oct 2004 (W44),Rot-Weiss Essen (11),2-0,1-0,1. FC Saarbrücken (11)
?,(Mon) 1 Nov 2004 (W45),TSV 1860 München (11),2-0,0-0,Dynamo Dresden (11)
?,(Fri) 5 Nov 2004 (W45),Wacker Burghausen (11),0-0,0-0,Eintracht Trier (12)
?,(Fri) 5 Nov 2004 (W45),Eintracht Frankfurt (12),2-0,1-0,FC Erzgebirge Aue (12)
?,(Fri) 5 Nov 2004 (W45),Karlsruher SC (12),1-0,1-0,SpVgg Unterhaching (12)
?,(Sun) 7 Nov 2004 (W45),Energie Cottbus (12),3-0,1-0,FC Rot-Weiß Erfurt (12)
?,(Sun) 7 Nov 2004 (W45),Dynamo Dresden (12),2-2,0-1,Greuther Fürth (12)
?,(Sun) 7 Nov 2004 (W45),1. FC Köln (12),3-0,2-0,Rot Weiss Ahlen (11)
?,(Sun) 7 Nov 2004 (W45),Rot-Weiß Oberhausen (12),1-1,0-0,Rot-Weiss Essen (12)
?,(Sun) 7 Nov 2004 (W45),1. FC Saarbrücken (12),4-1,2-1,TSV 1860 München (12)
?,(Mon) 8 Nov 2004 (W46),MSV Duisburg (12),1-0,1-0,Alemannia Aachen (12)
?,(Fri) 12 Nov 2004 (W46),FC Rot-Weiß Erfurt (13),1-0,0-0,Wacker Burghausen (12)
?,(Fri) 12 Nov 2004 (W46),Greuther Fürth (13),2-0,1-0,1. FC Saarbrücken (13)
?,(Fri) 12 Nov 2004 (W46),TSV 1860 München (13),5-1,3-0,Rot-Weiß Oberhausen (13)
?,(Sun) 14 Nov 2004 (W46),Alemannia Aachen (13),1-1,1-0,Rot-Weiss Essen (13)
?,(Sun) 14 Nov 2004 (W46),Rot Weiss Ahlen (12),2-0,1-0,Dynamo Dresden (13)
?,(Sun) 14 Nov 2004 (W46),MSV Duisburg (13),2-0,1-0,Energie Cottbus (13)
?,(Sun) 14 Nov 2004 (W46),Eintracht Trier (13),2-2,1-2,Eintracht Frankfurt (13)
?,(Sun) 14 Nov 2004 (W46),FC Erzgebirge Aue (13),1-0,0-0,Karlsruher SC (13)
?,(Mon) 15 Nov 2004 (W47),SpVgg Unterhaching (13),1-3,1-0,1. FC Köln (13)
?,(Fri) 19 Nov 2004 (W47),Eintracht Frankfurt (14),2-1,2-0,FC Rot-Weiß Erfurt (14)
?,(Fri) 19 Nov 2004 (W47),1. FC Köln (14),1-0,0-0,FC Erzgebirge Aue (14)
?,(Fri) 19 Nov 2004 (W47),Rot-Weiß Oberhausen (14),1-0,0-0,Greuther Fürth (14)
?,(Fri) 19 Nov 2004 (W47),1. FC Saarbrücken (14),0-0,0-0,Rot Weiss Ahlen (13)
?,(Sun) 21 Nov 2004 (W47),Wacker Burghausen (13),0-0,0-0,MSV Duisburg (14)
?,(Sun) 21 Nov 2004 (W47),Dynamo Dresden (14),1-0,1-0,SpVgg Unterhaching (14)
?,(Sun) 21 Nov 2004 (W47),Karlsruher SC (14),1-0,1-0,Eintracht Trier (14)
?,(Mon) 22 Nov 2004 (W48),Energie Cottbus (14),1-2,1-2,Alemannia Aachen (14)
?,(Wed) 24 Nov 2004 (W48),Rot-Weiss Essen (14),0-0,0-0,TSV 1860 München (14)
?,(Fri) 26 Nov 2004 (W48),Rot Weiss Ahlen (14),0-1,0-1,Rot-Weiß Oberhausen (15)
?,(Fri) 26 Nov 2004 (W48),MSV Duisburg (15),1-1,1-0,Eintracht Frankfurt (15)
?,(Fri) 26 Nov 2004 (W48),Eintracht Trier (15),0-0,0-0,1. FC Köln (15)
?,(Sun) 28 Nov 2004 (W48),Alemannia Aachen (15),5-1,3-1,TSV 1860 München (15)
?,(Sun) 28 Nov 2004 (W48),FC Rot-Weiß Erfurt (15),4-2,3-2,Karlsruher SC (15)
?,(Sun) 28 Nov 2004 (W48),FC Erzgebirge Aue (15),4-1,2-1,Dynamo Dresden (15)
?,(Sun) 28 Nov 2004 (W48),Greuther Fürth (15),3-2,1-0,Rot-Weiss Essen (15)
?,(Sun) 28 Nov 2004 (W48),SpVgg Unterhaching (15),1-3,0-2,1. FC Saarbrücken (15)
?,(Mon) 29 Nov 2004 (W49),Energie Cottbus (15),0-2,0-0,Wacker Burghausen (14)
?,(Fri) 3 Dec 2004 (W49),Rot-Weiss Essen (16),1-0,0-0,Rot Weiss Ahlen (15)
?,(Fri) 3 Dec 2004 (W49),Karlsruher SC (16),0-3,0-3,MSV Duisburg (16)
?,(Fri) 3 Dec 2004 (W49),1. FC Saarbrücken (16),2-1,2-0,FC Erzgebirge Aue (16)
?,(Sun) 5 Dec 2004 (W49),Alemannia Aachen (16),3-1,1-0,Wacker Burghausen (15)
?,(Sun) 5 Dec 2004 (W49),Dynamo Dresden (16),4-1,1-1,Eintracht Trier (16)
?,(Sun) 5 Dec 2004 (W49),Eintracht Frankfurt (16),3-1,2-0,Energie Cottbus (16)
?,(Sun) 5 Dec 2004 (W49),1. FC Köln (16),1-1,0-0,FC Rot-Weiß Erfurt (16)
?,(Sun) 5 Dec 2004 (W49),Rot-Weiß Oberhausen (16),3-1,0-0,SpVgg Unterhaching (16)
?,(Mon) 6 Dec 2004 (W50),TSV 1860 München (16),2-1,0-0,Greuther Fürth (16)
?,(Fri) 10 Dec 2004 (W50),Wacker Burghausen (16),0-3,0-1,Eintracht Frankfurt (17)
?,(Fri) 10 Dec 2004 (W50),Energie Cottbus (17),4-1,2-1,Karlsruher SC (17)
?,(Fri) 10 Dec 2004 (W50),Greuther Fürth (17),3-2,1-1,Alemannia Aachen (17)
?,(Sun) 12 Dec 2004 (W50),Rot Weiss Ahlen (16),1-0,1-0,TSV 1860 München (17)
?,(Sun) 12 Dec 2004 (W50),MSV Duisburg (17),1-0,0-0,1. FC Köln (17)
?,(Sun) 12 Dec 2004 (W50),Eintracht Trier (17),2-1,2-0,1. FC Saarbrücken (17)
?,(Sun) 12 Dec 2004 (W50),FC Rot-Weiß Erfurt (17),1-1,0-0,Dynamo Dresden (17)
?,(Sun) 12 Dec 2004 (W50),FC Erzgebirge Aue (17),2-0,1-0,Rot-Weiß Oberhausen (17)
?,(Sun) 12 Dec 2004 (W50),SpVgg Unterhaching (17),4-0,3-0,Rot-Weiss Essen (17)
?,(Sat) 22 Jan 2005 (W3),Wacker Burghausen (17),1-1,1-0,Karlsruher SC (18)
?,(Sat) 22 Jan 2005 (W3),Eintracht Trier (18),2-2,1-0,Rot-Weiß Oberhausen (18)
?,(Sat) 22 Jan 2005 (W3),FC Erzgebirge Aue (18),1-1,0-0,Rot-Weiss Essen (18)
?,(Sun) 23 Jan 2005 (W3),Rot Weiss Ahlen (17),2-4,1-2,Greuther Fürth (18)
?,(Sun) 23 Jan 2005 (W3),Energie Cottbus (18),3-5,2-2,1. FC Köln (18)
?,(Sun) 23 Jan 2005 (W3),MSV Duisburg (18),4-2,1-0,Dynamo Dresden (18)
?,(Sun) 23 Jan 2005 (W3),FC Rot-Weiß Erfurt (18),0-1,0-1,1. FC Saarbrücken (18)
?,(Sun) 23 Jan 2005 (W3),SpVgg Unterhaching (18),1-1,0-0,TSV 1860 München (18)
?,(Mon) 24 Jan 2005 (W4),Eintracht Frankfurt (18),1-0,1-0,Alemannia Aachen (18)
?,(Fri) 28 Jan 2005 (W4),Rot-Weiss Essen (19),2-2,1-1,Eintracht Trier (19)
?,(Fri) 28 Jan 2005 (W4),1. FC Köln (19),8-1,4-0,Wacker Burghausen (18)
?,(Fri) 28 Jan 2005 (W4),TSV 1860 München (19),1-0,1-0,FC Erzgebirge Aue (19)
?,(Sun) 30 Jan 2005 (W4),Alemannia Aachen (19),0-2,0-1,Rot Weiss Ahlen (18)
?,(Sun) 30 Jan 2005 (W4),Greuther Fürth (19),3-1,2-1,SpVgg Unterhaching (19)
?,(Sun) 30 Jan 2005 (W4),Karlsruher SC (19),3-0,1-0,Eintracht Frankfurt (19)
?,(Sun) 30 Jan 2005 (W4),Rot-Weiß Oberhausen (19),4-3,3-1,FC Rot-Weiß Erfurt (19)
?,(Sun) 30 Jan 2005 (W4),1. FC Saarbrücken (19),4-1,0-0,MSV Duisburg (19)
?,(Mon) 31 Jan 2005 (W5),Dynamo Dresden (19),0-1,0-0,Energie Cottbus (19)
?,(Fri) 4 Feb 2005 (W5),Energie Cottbus (20),1-1,1-0,1. FC Saarbrücken (20)
?,(Fri) 4 Feb 2005 (W5),MSV Duisburg (20),4-1,2-1,Rot-Weiß Oberhausen (20)
?,(Fri) 4 Feb 2005 (W5),Eintracht Frankfurt (20),1-0,0-0,1. FC Köln (20)
?,(Sun) 6 Feb 2005 (W5),Eintracht Trier (20),2-2,0-0,TSV 1860 München (20)
?,(Sun) 6 Feb 2005 (W5),FC Rot-Weiß Erfurt (20),1-1,0-0,Rot-Weiss Essen (20)
?,(Sun) 6 Feb 2005 (W5),FC Erzgebirge Aue (20),2-1,2-0,Greuther Fürth (20)
?,(Sun) 6 Feb 2005 (W5),Karlsruher SC (20),0-1,0-0,Alemannia Aachen (20)
?,(Sun) 6 Feb 2005 (W5),SpVgg Unterhaching (20),2-1,2-0,Rot Weiss Ahlen (19)
?,(Mon) 7 Feb 2005 (W6),Wacker Burghausen (19),2-1,1-0,Dynamo Dresden (20)
?,(Fri) 11 Feb 2005 (W6),Alemannia Aachen (21),2-3,1-2,SpVgg Unterhaching (21)
?,(Fri) 11 Feb 2005 (W6),Dynamo Dresden (21),2-1,1-0,Eintracht Frankfurt (21)
?,(Fri) 11 Feb 2005 (W6),Rot-Weiß Oberhausen (21),0-1,0-0,Energie Cottbus (21)
?,(Sun) 13 Feb 2005 (W6),Rot Weiss Ahlen (20),1-2,0-0,FC Erzgebirge Aue (21)
?,(Sun) 13 Feb 2005 (W6),Rot-Weiss Essen (21),1-0,0-0,MSV Duisburg (21)
?,(Sun) 13 Feb 2005 (W6),Greuther Fürth (21),3-3,2-0,Eintracht Trier (21)
?,(Sun) 13 Feb 2005 (W6),TSV 1860 München (21),3-1,1-0,FC Rot-Weiß Erfurt (21)
?,(Sun) 13 Feb 2005 (W6),1. FC Saarbrücken (21),2-4,1-0,Wacker Burghausen (20)
?,(Mon) 14 Feb 2005 (W7),1. FC Köln (21),2-2,0-1,Karlsruher SC (21)
?,(Fri) 18 Feb 2005 (W7),Energie Cottbus (22),0-0,0-0,Rot-Weiss Essen (22)
?,(Fri) 18 Feb 2005 (W7),Eintracht Trier (22),2-0,1-0,Rot Weiss Ahlen (21)
?,(Fri) 18 Feb 2005 (W7),Karlsruher SC (22),1-1,1-1,Dynamo Dresden (22)
?,(Sun) 20 Feb 2005 (W7),Wacker Burghausen (21),2-2,0-1,Rot-Weiß Oberhausen (22)
?,(Sun) 20 Feb 2005 (W7),Eintracht Frankfurt (22),3-0,2-0,1. FC Saarbrücken (22)
?,(Sun) 20 Feb 2005 (W7),FC Rot-Weiß Erfurt (22),1-2,1-1,Greuther Fürth (22)
?,(Sun) 20 Feb 2005 (W7),FC Erzgebirge Aue (22),1-0,0-0,SpVgg Unterhaching (22)
?,(Sun) 20 Feb 2005 (W7),1. FC Köln (22),1-0,0-0,Alemannia Aachen (22)
?,(Mon) 21 Feb 2005 (W8),MSV Duisburg (22),0-1,0-0,TSV 1860 München (22)
?,(Fri) 25 Feb 2005 (W8),Rot-Weiss Essen (23),1-2,1-0,Wacker Burghausen (22)
?,(Fri) 25 Feb 2005 (W8),TSV 1860 München (23),1-0,0-0,Energie Cottbus (23)
?,(Sun) 27 Feb 2005 (W8),Alemannia Aachen (23),1-5,0-1,FC Erzgebirge Aue (23)
?,(Sun) 27 Feb 2005 (W8),Rot Weiss Ahlen (22),2-3,2-0,FC Rot-Weiß Erfurt (23)
?,(Sun) 27 Feb 2005 (W8),Rot-Weiß Oberhausen (23),0-3,0-1,Eintracht Frankfurt (23)
?,(Sun) 27 Feb 2005 (W8),SpVgg Unterhaching (23),1-0,0-0,Eintracht Trier (23)
?,(Mon) 28 Feb 2005 (W9),Greuther Fürth (23),1-3,0-2,MSV Duisburg (23)
?,(Fri) 4 Mar 2005 (W9),Wacker Burghausen (23),0-3,0-1,TSV 1860 München (24)
?,(Fri) 4 Mar 2005 (W9),Dynamo Dresden (23),2-0,2-0,Alemannia Aachen (24)
?,(Fri) 4 Mar 2005 (W9),MSV Duisburg (24),1-0,0-0,Rot Weiss Ahlen (23)
?,(Sun) 6 Mar 2005 (W9),Energie Cottbus (24),2-0,1-0,Greuther Fürth (24)
?,(Sun) 6 Mar 2005 (W9),Eintracht Frankfurt (24),1-0,1-0,Rot-Weiss Essen (24)
?,(Sun) 6 Mar 2005 (W9),Eintracht Trier (24),1-0,1-0,FC Erzgebirge Aue (24)
?,(Mon) 7 Mar 2005 (W10),1. FC Köln (23),3-1,3-0,1. FC Saarbrücken (23)
?,(Fri) 11 Mar 2005 (W10),FC Erzgebirge Aue (25),3-2,1-0,FC Rot-Weiß Erfurt (24)
?,(Fri) 11 Mar 2005 (W10),Rot-Weiß Oberhausen (24),0-3,0-2,1. FC Köln (24)
?,(Fri) 11 Mar 2005 (W10),1. FC Saarbrücken (24),0-1,0-1,Dynamo Dresden (24)
?,(Sun) 13 Mar 2005 (W10),Alemannia Aachen (25),2-0,1-0,Eintracht Trier (25)
?,(Sun) 13 Mar 2005 (W10),Rot Weiss Ahlen (24),3-1,1-1,Energie Cottbus (25)
?,(Sun) 13 Mar 2005 (W10),Rot-Weiss Essen (25),2-1,2-1,Karlsruher SC (23)
?,(Sun) 13 Mar 2005 (W10),SpVgg Unterhaching (24),0-1,0-1,MSV Duisburg (25)
?,(Mon) 14 Mar 2005 (W11),TSV 1860 München (25),2-1,1-1,Eintracht Frankfurt (25)
?,(Wed) 16 Mar 2005 (W11),Dynamo Dresden (25),2-1,0-0,1. FC Köln (25)
?,(Wed) 16 Mar 2005 (W11),1. FC Saarbrücken (25),3-4,2-2,Karlsruher SC (24)
?,(Fri) 18 Mar 2005 (W11),Wacker Burghausen (24),1-0,0-0,Rot Weiss Ahlen (25)
?,(Fri) 18 Mar 2005 (W11),MSV Duisburg (26),1-1,0-1,FC Erzgebirge Aue (26)
?,(Fri) 18 Mar 2005 (W11),FC Rot-Weiß Erfurt (25),3-0,2-0,Eintracht Trier (26)
?,(Sun) 20 Mar 2005 (W11),Energie Cottbus (26),0-0,0-0,SpVgg Unterhaching (25)
?,(Sun) 20 Mar 2005 (W11),Dynamo Dresden (26),3-1,2-0,Rot-Weiß Oberhausen (25)
?,(Sun) 20 Mar 2005 (W11),1. FC Köln (26),0-0,0-0,Rot-Weiss Essen (26)
?,(Sun) 20 Mar 2005 (W11),Karlsruher SC (25),1-1,0-0,TSV 1860 München (26)
?,(Sun) 20 Mar 2005 (W11),1. FC Saarbrücken (26),1-2,0-1,Alemannia Aachen (26)
?,(Mon) 21 Mar 2005 (W12),Eintracht Frankfurt (26),1-0,1-0,Greuther Fürth (25)
?,(Fri) 1 Apr 2005 (W13),Alemannia Aachen (27),5-1,4-0,FC Rot-Weiß Erfurt (26)
?,(Fri) 1 Apr 2005 (W13),FC Erzgebirge Aue (27),2-0,2-0,Energie Cottbus (27)
?,(Fri) 1 Apr 2005 (W13),Rot-Weiss Essen (27),2-1,2-0,Dynamo Dresden (27)
?,(Sun) 3 Apr 2005 (W13),Rot Weiss Ahlen (26),3-2,2-1,Eintracht Frankfurt (27)
?,(Sun) 3 Apr 2005 (W13),Greuther Fürth (26),1-0,1-0,Karlsruher SC (26)
?,(Sun) 3 Apr 2005 (W13),TSV 1860 München (27),0-0,0-0,1. FC Köln (27)
?,(Sun) 3 Apr 2005 (W13),Rot-Weiß Oberhausen (26),3-0,1-0,1. FC Saarbrücken (27)
?,(Sun) 3 Apr 2005 (W13),SpVgg Unterhaching (26),0-1,0-1,Wacker Burghausen (25)
?,(Mon) 4 Apr 2005 (W14),Eintracht Trier (27),1-0,1-0,MSV Duisburg (27)
?,(Wed) 6 Apr 2005 (W14),FC Rot-Weiß Erfurt (27),2-0,1-0,SpVgg Unterhaching (27)
?,(Wed) 6 Apr 2005 (W14),Greuther Fürth (27),1-1,0-0,Wacker Burghausen (26)
?,(Wed) 6 Apr 2005 (W14),Karlsruher SC (27),3-0,2-0,Rot-Weiß Oberhausen (27)
?,(Fri) 8 Apr 2005 (W14),Energie Cottbus (28),2-1,1-0,Eintracht Trier (28)
?,(Fri) 8 Apr 2005 (W14),Dynamo Dresden (28),0-4,0-3,TSV 1860 München (28)
?,(Fri) 8 Apr 2005 (W14),1. FC Saarbrücken (28),0-0,0-0,Rot-Weiss Essen (28)
?,(Sun) 10 Apr 2005 (W14),Wacker Burghausen (27),2-2,2-1,FC Erzgebirge Aue (28)
?,(Sun) 10 Apr 2005 (W14),MSV Duisburg (28),4-0,2-0,FC Rot-Weiß Erfurt (28)
?,(Sun) 10 Apr 2005 (W14),Eintracht Frankfurt (28),3-0,1-0,SpVgg Unterhaching (28)
?,(Sun) 10 Apr 2005 (W14),Karlsruher SC (28),0-0,0-0,Rot Weiss Ahlen (27)
?,(Sun) 10 Apr 2005 (W14),Rot-Weiß Oberhausen (28),0-0,0-0,Alemannia Aachen (28)
?,(Mon) 11 Apr 2005 (W15),1. FC Köln (28),3-2,2-0,Greuther Fürth (28)
?,(Fri) 15 Apr 2005 (W15),FC Rot-Weiß Erfurt (29),3-3,1-1,Energie Cottbus (29)
?,(Fri) 15 Apr 2005 (W15),Rot-Weiss Essen (29),2-2,2-0,Rot-Weiß Oberhausen (29)
?,(Fri) 15 Apr 2005 (W15),Greuther Fürth (29),0-1,0-1,Dynamo Dresden (29)
?,(Sun) 17 Apr 2005 (W15),Rot Weiss Ahlen (28),1-0,0-0,1. FC Köln (29)
?,(Sun) 17 Apr 2005 (W15),Eintracht Trier (29),0-2,0-1,Wacker Burghausen (28)
?,(Sun) 17 Apr 2005 (W15),FC Erzgebirge Aue (29),0-5,0-2,Eintracht Frankfurt (29)
?,(Sun) 17 Apr 2005 (W15),TSV 1860 München (29),1-1,1-0,1. FC Saarbrücken (29)
?,(Sun) 17 Apr 2005 (W15),SpVgg Unterhaching (29),2-0,0-0,Karlsruher SC (29)
?,(Mon) 18 Apr 2005 (W16),Alemannia Aachen (29),0-0,0-0,MSV Duisburg (29)
?,(Fri) 22 Apr 2005 (W16),Eintracht Frankfurt (30),2-0,1-0,Eintracht Trier (30)
?,(Fri) 22 Apr 2005 (W16),Rot-Weiss Essen (30),0-2,0-1,Alemannia Aachen (30)
?,(Fri) 22 Apr 2005 (W16),Karlsruher SC (30),0-1,0-0,FC Erzgebirge Aue (30)
?,(Sun) 24 Apr 2005 (W16),Wacker Burghausen (29),0-2,0-0,FC Rot-Weiß Erfurt (30)
?,(Sun) 24 Apr 2005 (W16),Energie Cottbus (30),1-0,1-0,MSV Duisburg (30)
?,(Sun) 24 Apr 2005 (W16),Dynamo Dresden (30),3-1,0-1,Rot Weiss Ahlen (29)
?,(Sun) 24 Apr 2005 (W16),Rot-Weiß Oberhausen (30),0-0,0-0,TSV 1860 München (30)
?,(Sun) 24 Apr 2005 (W16),1. FC Saarbrücken (30),2-1,1-1,Greuther Fürth (30)
?,(Mon) 25 Apr 2005 (W17),1. FC Köln (30),1-0,1-0,SpVgg Unterhaching (30)
?,(Wed) 27 Apr 2005 (W17),Rot Weiss Ahlen (30),1-3,1-0,Wacker Burghausen (30)
?,(Fri) 29 Apr 2005 (W17),FC Rot-Weiß Erfurt (31),0-3,0-3,Eintracht Frankfurt (31)
?,(Fri) 29 Apr 2005 (W17),Greuther Fürth (31),3-2,3-2,Rot-Weiß Oberhausen (31)
?,(Fri) 29 Apr 2005 (W17),SpVgg Unterhaching (31),1-0,0-0,Dynamo Dresden (31)
?,(Sun) 1 May 2005 (W17),Alemannia Aachen (31),4-0,3-0,Energie Cottbus (31)
?,(Sun) 1 May 2005 (W17),Rot Weiss Ahlen (31),2-3,1-0,1. FC Saarbrücken (31)
?,(Sun) 1 May 2005 (W17),MSV Duisburg (31),4-3,1-3,Wacker Burghausen (31)
?,(Sun) 1 May 2005 (W17),Eintracht Trier (31),0-2,0-1,Karlsruher SC (31)
?,(Sun) 1 May 2005 (W17),TSV 1860 München (31),0-0,0-0,Rot-Weiss Essen (31)
?,(Mon) 2 May 2005 (W18),FC Erzgebirge Aue (31),1-2,1-1,1. FC Köln (31)
?,(Fri) 6 May 2005 (W18),Dynamo Dresden (32),1-0,1-0,FC Erzgebirge Aue (32)
?,(Fri) 6 May 2005 (W18),1. FC Köln (32),1-2,0-1,Eintracht Trier (32)
?,(Fri) 6 May 2005 (W18),Karlsruher SC (32),2-0,1-0,FC Rot-Weiß Erfurt (32)
?,(Sun) 8 May 2005 (W18),Wacker Burghausen (32),0-0,0-0,Energie Cottbus (32)
?,(Sun) 8 May 2005 (W18),Rot-Weiss Essen (32),0-2,0-0,Greuther Fürth (32)
?,(Sun) 8 May 2005 (W18),TSV 1860 München (32),3-0,1-0,Alemannia Aachen (32)
?,(Sun) 8 May 2005 (W18),Rot-Weiß Oberhausen (32),2-2,1-1,Rot Weiss Ahlen (32)
?,(Sun) 8 May 2005 (W18),1. FC Saarbrücken (32),0-1,0-0,SpVgg Unterhaching (32)
?,(Mon) 9 May 2005 (W19),Eintracht Frankfurt (32),0-1,0-1,MSV Duisburg (32)
?,(Sun) 15 May 2005 (W19),Rot Weiss Ahlen (33),3-1,0-1,Rot-Weiss Essen (33)
?,(Sun) 15 May 2005 (W19),Wacker Burghausen (33),2-3,0-1,Alemannia Aachen (33)
?,(Sun) 15 May 2005 (W19),Energie Cottbus (33),0-3,0-1,Eintracht Frankfurt (33)
?,(Sun) 15 May 2005 (W19),MSV Duisburg (33),1-4,0-2,Karlsruher SC (33)
?,(Sun) 15 May 2005 (W19),Eintracht Trier (33),2-4,0-1,Dynamo Dresden (33)
?,(Sun) 15 May 2005 (W19),FC Rot-Weiß Erfurt (33),0-1,0-0,1. FC Köln (33)
?,(Sun) 15 May 2005 (W19),FC Erzgebirge Aue (33),2-0,0-0,1. FC Saarbrücken (33)
?,(Sun) 15 May 2005 (W19),Greuther Fürth (33),2-3,1-1,TSV 1860 München (33)
?,(Sun) 15 May 2005 (W19),SpVgg Unterhaching (33),0-2,0-2,Rot-Weiß Oberhausen (33)
?,(Sun) 22 May 2005 (W20),Alemannia Aachen (34),0-1,0-0,Greuther Fürth (34)
?,(Sun) 22 May 2005 (W20),Dynamo Dresden (34),2-1,1-1,FC Rot-Weiß Erfurt (34)
?,(Sun) 22 May 2005 (W20),Eintracht Frankfurt (34),3-0,1-0,Wacker Burghausen (34)
?,(Sun) 22 May 2005 (W20),Rot-Weiss Essen (34),0-1,0-0,SpVgg Unterhaching (34)
?,(Sun) 22 May 2005 (W20),1. FC Köln (34),4-0,0-0,MSV Duisburg (34)
?,(Sun) 22 May 2005 (W20),Karlsruher SC (34),3-2,1-2,Energie Cottbus (34)
?,(Sun) 22 May 2005 (W20),TSV 1860 München (34),3-4,2-2,Rot Weiss Ahlen (34)
?,(Sun) 22 May 2005 (W20),Rot-Weiß Oberhausen (34),1-1,1-0,FC Erzgebirge Aue (34)
?,(Sun) 22 May 2005 (W20),1. FC Saarbrücken (34),1-1,1-1,Eintracht Trier (34)
