Round,Date,Team 1,FT,HT,Team 2
1,(Fri) 20 Aug 1982 (33),Borussia Dortmund (1),1-1,1-0,VfB Stuttgart (1)
1,(Fri) 20 Aug 1982 (33),1. FC Kaiserslautern (1),2-2,1-0,Hertha BSC (1)
1,(Sat) 21 Aug 1982 (33),Bayer 04 Leverkusen (1),0-1,0-1,Arminia Bielefeld (1)
1,(Sat) 21 Aug 1982 (33),Karlsruher SC (1),1-0,1-0,Eintracht Frankfurt (1)
1,(Sat) 21 Aug 1982 (33),Fortuna Düsseldorf (1),2-0,1-0,VfL Bochum (1)
1,(Sat) 21 Aug 1982 (33),Werder Bremen (1),1-0,1-0,Bayern München (1)
1,(Sat) 21 Aug 1982 (33),1. FC Nürnberg (1),2-2,1-2,Hamburger SV (1)
1,(Sat) 21 Aug 1982 (33),FC Schalke 04 (1),2-4,0-1,Bor. Mönchengladbach (1)
1,(Sat) 21 Aug 1982 (33),Eintracht Braunschweig (1),2-2,0-0,1. FC Köln (1)
2,(Tue) 17 Aug 1982 (33),Hertha BSC (2),1-3,0-2,Borussia Dortmund (2)
2,(Tue) 24 Aug 1982 (34),VfB Stuttgart (2),2-1,2-0,FC Schalke 04 (2)
2,(Tue) 24 Aug 1982 (34),Bayern München (2),1-0,0-0,Fortuna Düsseldorf (2)
2,(Tue) 24 Aug 1982 (34),VfL Bochum (2),0-1,0-0,Karlsruher SC (2)
2,(Tue) 24 Aug 1982 (34),Eintracht Frankfurt (2),5-0,1-0,Bayer 04 Leverkusen (2)
2,(Wed) 25 Aug 1982 (34),Bor. Mönchengladbach (2),1-2,1-1,1. FC Nürnberg (2)
2,(Wed) 25 Aug 1982 (34),Hamburger SV (2),1-1,1-1,Werder Bremen (2)
2,(Wed) 25 Aug 1982 (34),Arminia Bielefeld (2),2-0,1-0,Eintracht Braunschweig (2)
2,(Tue) 7 Sep 1982 (36),1. FC Köln (2),3-0,2-0,1. FC Kaiserslautern (2)
3,(Tue) 31 Aug 1982 (35),Werder Bremen (3),2-0,1-0,Bor. Mönchengladbach (3)
3,(Tue) 31 Aug 1982 (35),FC Schalke 04 (3),2-0,1-0,Hertha BSC (3)
3,(Wed) 1 Sep 1982 (35),Bayer 04 Leverkusen (3),1-0,1-0,VfL Bochum (3)
3,(Wed) 1 Sep 1982 (35),Borussia Dortmund (3),2-0,1-0,1. FC Köln (3)
3,(Wed) 1 Sep 1982 (35),Arminia Bielefeld (3),2-1,1-0,Eintracht Frankfurt (3)
3,(Wed) 1 Sep 1982 (35),Karlsruher SC (3),0-4,0-2,Bayern München (3)
3,(Wed) 1 Sep 1982 (35),1. FC Nürnberg (3),0-5,0-4,VfB Stuttgart (3)
3,(Tue) 7 Sep 1982 (36),Fortuna Düsseldorf (3),0-6,0-3,Hamburger SV (3)
3,(Tue) 9 Nov 1982 (45),Eintracht Braunschweig (3),1-1,1-0,1. FC Kaiserslautern (3)
4,(Sat) 4 Sep 1982 (35),1. FC Köln (4),2-1,2-1,FC Schalke 04 (4)
4,(Sat) 4 Sep 1982 (35),VfB Stuttgart (4),4-1,2-0,Werder Bremen (4)
4,(Sat) 4 Sep 1982 (35),Bor. Mönchengladbach (4),5-0,2-0,Fortuna Düsseldorf (4)
4,(Sat) 4 Sep 1982 (35),Hamburger SV (4),4-0,3-0,Karlsruher SC (4)
4,(Sat) 4 Sep 1982 (35),Bayern München (4),5-0,3-0,Bayer 04 Leverkusen (4)
4,(Sat) 4 Sep 1982 (35),VfL Bochum (4),1-1,1-0,Arminia Bielefeld (4)
4,(Sat) 4 Sep 1982 (35),Eintracht Frankfurt (4),0-1,0-0,Eintracht Braunschweig (4)
4,(Sat) 4 Sep 1982 (35),1. FC Kaiserslautern (4),0-2,0-1,Borussia Dortmund (4)
4,(Sat) 4 Sep 1982 (35),Hertha BSC (4),5-1,2-1,1. FC Nürnberg (4)
5,(Fri) 10 Sep 1982 (36),Bayer 04 Leverkusen (5),0-1,0-0,Hamburger SV (5)
5,(Fri) 10 Sep 1982 (36),Karlsruher SC (5),2-0,2-0,Bor. Mönchengladbach (5)
5,(Sat) 11 Sep 1982 (36),Fortuna Düsseldorf (5),1-1,0-0,VfB Stuttgart (5)
5,(Sat) 11 Sep 1982 (36),Werder Bremen (5),3-1,3-0,Hertha BSC (5)
5,(Sat) 11 Sep 1982 (36),1. FC Nürnberg (5),2-1,1-1,1. FC Köln (5)
5,(Sat) 11 Sep 1982 (36),FC Schalke 04 (5),0-0,0-0,1. FC Kaiserslautern (5)
5,(Sat) 11 Sep 1982 (36),Eintracht Frankfurt (5),0-1,0-0,VfL Bochum (5)
5,(Sat) 11 Sep 1982 (36),Arminia Bielefeld (5),2-4,1-2,Bayern München (5)
5,(Sat) 11 Sep 1982 (36),Eintracht Braunschweig (5),0-0,0-0,Borussia Dortmund (5)
6,(Fri) 17 Sep 1982 (37),Bor. Mönchengladbach (6),3-1,3-1,Bayer 04 Leverkusen (6)
6,(Fri) 17 Sep 1982 (37),VfL Bochum (6),0-2,0-0,Eintracht Braunschweig (6)
6,(Sat) 18 Sep 1982 (37),1. FC Köln (6),2-1,2-1,Werder Bremen (6)
6,(Sat) 18 Sep 1982 (37),VfB Stuttgart (6),4-1,2-0,Karlsruher SC (6)
6,(Sat) 18 Sep 1982 (37),Hamburger SV (6),3-1,2-1,Arminia Bielefeld (6)
6,(Sat) 18 Sep 1982 (37),Bayern München (6),4-0,2-0,Eintracht Frankfurt (6)
6,(Sat) 18 Sep 1982 (37),Borussia Dortmund (6),2-0,2-0,FC Schalke 04 (6)
6,(Sat) 18 Sep 1982 (37),1. FC Kaiserslautern (6),2-1,2-0,1. FC Nürnberg (6)
6,(Sat) 18 Sep 1982 (37),Hertha BSC (6),1-1,0-1,Fortuna Düsseldorf (6)
7,(Fri) 24 Sep 1982 (38),1. FC Nürnberg (7),3-2,0-0,Borussia Dortmund (7)
7,(Sat) 25 Sep 1982 (38),Bayer 04 Leverkusen (7),0-3,0-1,VfB Stuttgart (7)
7,(Sat) 25 Sep 1982 (38),Karlsruher SC (7),1-1,1-1,Hertha BSC (7)
7,(Sat) 25 Sep 1982 (38),Fortuna Düsseldorf (7),2-6,2-1,1. FC Köln (7)
7,(Sat) 25 Sep 1982 (38),Werder Bremen (7),3-0,2-0,1. FC Kaiserslautern (7)
7,(Sat) 25 Sep 1982 (38),VfL Bochum (7),0-0,0-0,Bayern München (7)
7,(Sat) 25 Sep 1982 (38),Eintracht Frankfurt (7),1-1,1-0,Hamburger SV (7)
7,(Sat) 25 Sep 1982 (38),Arminia Bielefeld (7),4-2,2-0,Bor. Mönchengladbach (7)
7,(Sat) 25 Sep 1982 (38),Eintracht Braunschweig (7),1-1,1-0,FC Schalke 04 (7)
8,(Wed) 1 Sep 1982 (35),Bor. Mönchengladbach (8),3-1,0-1,Eintracht Frankfurt (8)
8,(Wed) 1 Sep 1982 (35),FC Schalke 04 (8),0-1,0-1,1. FC Nürnberg (8)
8,(Wed) 1 Sep 1982 (35),Hertha BSC (8),3-3,1-2,Bayer 04 Leverkusen (8)
8,(Sat) 2 Oct 1982 (39),1. FC Köln (8),4-1,3-1,Karlsruher SC (8)
8,(Sat) 2 Oct 1982 (39),VfB Stuttgart (8),2-2,1-2,Arminia Bielefeld (8)
8,(Sat) 2 Oct 1982 (39),Hamburger SV (8),0-0,0-0,VfL Bochum (8)
8,(Sat) 2 Oct 1982 (39),Bayern München (8),1-1,1-0,Eintracht Braunschweig (8)
8,(Sat) 2 Oct 1982 (39),Borussia Dortmund (8),0-0,0-0,Werder Bremen (8)
8,(Sat) 2 Oct 1982 (39),1. FC Kaiserslautern (8),3-1,1-1,Fortuna Düsseldorf (8)
9,(Fri) 8 Oct 1982 (40),Werder Bremen (9),4-0,0-0,FC Schalke 04 (9)
9,(Sat) 9 Oct 1982 (40),Bayer 04 Leverkusen (9),0-0,0-0,1. FC Köln (9)
9,(Sat) 9 Oct 1982 (40),Karlsruher SC (9),1-1,1-0,1. FC Kaiserslautern (9)
9,(Sat) 9 Oct 1982 (40),Fortuna Düsseldorf (9),2-3,0-1,Borussia Dortmund (9)
9,(Sat) 9 Oct 1982 (40),Bayern München (9),2-2,0-2,Hamburger SV (9)
9,(Sat) 9 Oct 1982 (40),VfL Bochum (9),3-1,0-1,Bor. Mönchengladbach (9)
9,(Sat) 9 Oct 1982 (40),Eintracht Frankfurt (9),3-0,1-0,VfB Stuttgart (9)
9,(Sat) 9 Oct 1982 (40),Arminia Bielefeld (9),2-1,0-0,Hertha BSC (9)
9,(Sat) 9 Oct 1982 (40),Eintracht Braunschweig (9),2-2,1-1,1. FC Nürnberg (9)
10,(Fri) 22 Oct 1982 (42),FC Schalke 04 (10),3-3,2-1,Fortuna Düsseldorf (10)
10,(Sat) 23 Oct 1982 (42),1. FC Köln (10),1-0,1-0,Arminia Bielefeld (10)
10,(Sat) 23 Oct 1982 (42),VfB Stuttgart (10),5-2,3-0,VfL Bochum (10)
10,(Sat) 23 Oct 1982 (42),Bor. Mönchengladbach (10),0-0,0-0,Bayern München (10)
10,(Sat) 23 Oct 1982 (42),Hamburger SV (10),4-0,2-0,Eintracht Braunschweig (10)
10,(Sat) 23 Oct 1982 (42),1. FC Nürnberg (10),2-0,0-0,Werder Bremen (10)
10,(Sat) 23 Oct 1982 (42),Borussia Dortmund (10),4-3,3-1,Karlsruher SC (10)
10,(Sat) 23 Oct 1982 (42),1. FC Kaiserslautern (10),2-0,1-0,Bayer 04 Leverkusen (10)
10,(Sat) 23 Oct 1982 (42),Hertha BSC (10),1-0,0-0,Eintracht Frankfurt (10)
11,(Sat) 30 Oct 1982 (43),Bayer 04 Leverkusen (11),1-2,1-1,Borussia Dortmund (11)
11,(Sat) 30 Oct 1982 (43),Karlsruher SC (11),2-2,1-1,FC Schalke 04 (11)
11,(Sat) 30 Oct 1982 (43),Fortuna Düsseldorf (11),3-1,1-1,1. FC Nürnberg (11)
11,(Sat) 30 Oct 1982 (43),Hamburger SV (11),4-3,3-2,Bor. Mönchengladbach (11)
11,(Sat) 30 Oct 1982 (43),Bayern München (11),4-0,1-0,VfB Stuttgart (11)
11,(Sat) 30 Oct 1982 (43),VfL Bochum (11),4-0,1-0,Hertha BSC (11)
11,(Sat) 30 Oct 1982 (43),Eintracht Frankfurt (11),3-0,2-0,1. FC Köln (11)
11,(Sat) 30 Oct 1982 (43),Arminia Bielefeld (11),2-2,1-1,1. FC Kaiserslautern (11)
11,(Sat) 30 Oct 1982 (43),Eintracht Braunschweig (11),3-1,0-0,Werder Bremen (11)
12,(Fri) 5 Nov 1982 (44),Bor. Mönchengladbach (12),3-0,2-0,Eintracht Braunschweig (12)
12,(Fri) 5 Nov 1982 (44),FC Schalke 04 (12),2-0,0-0,Bayer 04 Leverkusen (12)
12,(Sat) 6 Nov 1982 (44),1. FC Köln (12),4-1,0-0,VfL Bochum (12)
12,(Sat) 6 Nov 1982 (44),VfB Stuttgart (12),1-2,0-2,Hamburger SV (12)
12,(Sat) 6 Nov 1982 (44),Werder Bremen (12),2-2,1-1,Fortuna Düsseldorf (12)
12,(Sat) 6 Nov 1982 (44),1. FC Nürnberg (12),3-1,0-1,Karlsruher SC (12)
12,(Sat) 6 Nov 1982 (44),Borussia Dortmund (12),11-1,1-1,Arminia Bielefeld (12)
12,(Sat) 6 Nov 1982 (44),1. FC Kaiserslautern (12),3-0,1-0,Eintracht Frankfurt (12)
12,(Sat) 6 Nov 1982 (44),Hertha BSC (12),1-3,0-2,Bayern München (12)
13,(Sat) 13 Nov 1982 (45),Bayer 04 Leverkusen (13),1-0,1-0,1. FC Nürnberg (13)
13,(Sat) 13 Nov 1982 (45),Karlsruher SC (13),1-2,0-2,Werder Bremen (13)
13,(Sat) 13 Nov 1982 (45),Bor. Mönchengladbach (13),1-4,1-2,VfB Stuttgart (13)
13,(Sat) 13 Nov 1982 (45),Hamburger SV (13),1-1,0-0,Hertha BSC (13)
13,(Sat) 13 Nov 1982 (45),Bayern München (13),0-1,0-0,1. FC Köln (13)
13,(Sat) 13 Nov 1982 (45),VfL Bochum (13),1-1,0-1,1. FC Kaiserslautern (13)
13,(Sat) 13 Nov 1982 (45),Eintracht Frankfurt (13),3-1,0-0,Borussia Dortmund (13)
13,(Sat) 13 Nov 1982 (45),Arminia Bielefeld (13),3-2,2-0,FC Schalke 04 (13)
13,(Sat) 13 Nov 1982 (45),Eintracht Braunschweig (13),2-1,2-0,Fortuna Düsseldorf (13)
14,(Fri) 19 Nov 1982 (46),Borussia Dortmund (14),3-1,2-0,VfL Bochum (14)
14,(Sat) 20 Nov 1982 (46),1. FC Köln (14),1-1,1-1,Hamburger SV (14)
14,(Sat) 20 Nov 1982 (46),VfB Stuttgart (14),4-0,1-0,Eintracht Braunschweig (14)
14,(Sat) 20 Nov 1982 (46),Fortuna Düsseldorf (14),4-3,2-1,Karlsruher SC (14)
14,(Sat) 20 Nov 1982 (46),Werder Bremen (14),3-1,2-1,Bayer 04 Leverkusen (14)
14,(Sat) 20 Nov 1982 (46),1. FC Nürnberg (14),1-1,1-1,Arminia Bielefeld (14)
14,(Sat) 20 Nov 1982 (46),FC Schalke 04 (14),3-2,3-2,Eintracht Frankfurt (14)
14,(Sat) 20 Nov 1982 (46),1. FC Kaiserslautern (14),3-2,1-2,Bayern München (14)
14,(Sat) 20 Nov 1982 (46),Hertha BSC (14),0-2,0-1,Bor. Mönchengladbach (14)
15,(Sat) 27 Nov 1982 (47),Bayer 04 Leverkusen (15),3-3,2-2,Fortuna Düsseldorf (15)
15,(Sat) 27 Nov 1982 (47),Karlsruher SC (15),3-1,2-1,Eintracht Braunschweig (15)
15,(Sat) 27 Nov 1982 (47),Bor. Mönchengladbach (15),1-4,0-1,1. FC Köln (15)
15,(Sat) 27 Nov 1982 (47),Hamburger SV (15),1-1,0-0,1. FC Kaiserslautern (15)
15,(Sat) 27 Nov 1982 (47),Bayern München (15),3-0,2-0,Borussia Dortmund (15)
15,(Sat) 27 Nov 1982 (47),VfL Bochum (15),2-1,0-0,FC Schalke 04 (15)
15,(Sat) 27 Nov 1982 (47),Eintracht Frankfurt (15),3-0,2-0,1. FC Nürnberg (15)
15,(Sat) 27 Nov 1982 (47),Arminia Bielefeld (15),1-2,1-1,Werder Bremen (15)
15,(Sat) 27 Nov 1982 (47),Hertha BSC (15),1-0,0-0,VfB Stuttgart (15)
16,(Fri) 3 Dec 1982 (48),Eintracht Braunschweig (16),1-0,1-0,Hertha BSC (16)
16,(Sat) 4 Dec 1982 (48),1. FC Köln (16),1-2,1-2,VfB Stuttgart (16)
16,(Sat) 4 Dec 1982 (48),Karlsruher SC (16),2-2,0-2,Bayer 04 Leverkusen (16)
16,(Sat) 4 Dec 1982 (48),Fortuna Düsseldorf (16),2-0,0-0,Arminia Bielefeld (16)
16,(Sat) 4 Dec 1982 (48),Werder Bremen (16),3-0,2-0,Eintracht Frankfurt (16)
16,(Sat) 4 Dec 1982 (48),1. FC Nürnberg (16),1-1,0-1,VfL Bochum (16)
16,(Sat) 4 Dec 1982 (48),Borussia Dortmund (16),1-3,1-2,Hamburger SV (16)
16,(Sat) 4 Dec 1982 (48),1. FC Kaiserslautern (16),3-0,2-0,Bor. Mönchengladbach (16)
16,(Sat) 4 Dec 1982 (48),FC Schalke 04 (16),1-2,0-1,Bayern München (16)
17,(Fri) 10 Dec 1982 (49),Bor. Mönchengladbach (17),2-3,1-1,Borussia Dortmund (17)
17,(Sat) 11 Dec 1982 (49),Bayer 04 Leverkusen (17),1-0,1-0,Eintracht Braunschweig (17)
17,(Sat) 11 Dec 1982 (49),VfB Stuttgart (17),1-1,1-1,1. FC Kaiserslautern (17)
17,(Sat) 11 Dec 1982 (49),Hamburger SV (17),6-2,2-1,FC Schalke 04 (17)
17,(Sat) 11 Dec 1982 (49),Bayern München (17),1-0,1-0,1. FC Nürnberg (17)
17,(Sat) 11 Dec 1982 (49),VfL Bochum (17),1-2,1-0,Werder Bremen (17)
17,(Sat) 11 Dec 1982 (49),Eintracht Frankfurt (17),2-2,0-1,Fortuna Düsseldorf (17)
17,(Sat) 11 Dec 1982 (49),Arminia Bielefeld (17),5-1,3-1,Karlsruher SC (17)
17,(Sat) 11 Dec 1982 (49),Hertha BSC (17),0-0,0-0,1. FC Köln (17)
18,(Sat) 22 Jan 1983 (3),Arminia Bielefeld (18),0-2,0-0,Bayer 04 Leverkusen (18)
18,(Sat) 22 Jan 1983 (3),Eintracht Frankfurt (18),2-0,2-0,Karlsruher SC (18)
18,(Sat) 22 Jan 1983 (3),VfL Bochum (18),3-1,0-0,Fortuna Düsseldorf (18)
18,(Sat) 22 Jan 1983 (3),Bayern München (18),1-1,1-0,Werder Bremen (18)
18,(Sat) 22 Jan 1983 (3),Hamburger SV (18),3-0,3-0,1. FC Nürnberg (18)
18,(Sat) 22 Jan 1983 (3),Bor. Mönchengladbach (18),0-0,0-0,FC Schalke 04 (18)
18,(Sat) 22 Jan 1983 (3),VfB Stuttgart (18),2-1,1-0,Borussia Dortmund (18)
18,(Sat) 22 Jan 1983 (3),Hertha BSC (18),0-0,0-0,1. FC Kaiserslautern (18)
18,(Sat) 22 Jan 1983 (3),1. FC Köln (18),3-1,1-0,Eintracht Braunschweig (18)
19,(Sat) 29 Jan 1983 (4),1. FC Kaiserslautern (19),3-2,1-0,1. FC Köln (19)
19,(Sat) 29 Jan 1983 (4),FC Schalke 04 (19),1-3,0-1,VfB Stuttgart (19)
19,(Sat) 29 Jan 1983 (4),1. FC Nürnberg (19),1-0,0-0,Bor. Mönchengladbach (19)
19,(Sat) 29 Jan 1983 (4),Werder Bremen (19),3-2,2-0,Hamburger SV (19)
19,(Sat) 29 Jan 1983 (4),Fortuna Düsseldorf (19),3-5,1-2,Bayern München (19)
19,(Sat) 29 Jan 1983 (4),Karlsruher SC (19),0-0,0-0,VfL Bochum (19)
19,(Sat) 29 Jan 1983 (4),Bayer 04 Leverkusen (19),1-1,1-1,Eintracht Frankfurt (19)
19,(Sat) 29 Jan 1983 (4),Eintracht Braunschweig (19),3-0,1-0,Arminia Bielefeld (19)
19,(Sat) 29 Jan 1983 (4),Borussia Dortmund (19),2-1,1-1,Hertha BSC (19)
20,(Sat) 5 Feb 1983 (5),Bayern München (20),6-1,5-0,Karlsruher SC (20)
20,(Sat) 5 Feb 1983 (5),VfB Stuttgart (20),3-0,2-0,1. FC Nürnberg (20)
20,(Sat) 5 Feb 1983 (5),Hertha BSC (20),2-3,0-1,FC Schalke 04 (20)
20,(Sat) 5 Feb 1983 (5),1. FC Köln (20),2-2,1-0,Borussia Dortmund (20)
20,(Sat) 5 Feb 1983 (5),1. FC Kaiserslautern (20),3-2,2-1,Eintracht Braunschweig (20)
20,(Sat) 12 Feb 1983 (6),Eintracht Frankfurt (20),2-1,0-0,Arminia Bielefeld (20)
20,(Tue) 1 Mar 1983 (9),Bor. Mönchengladbach (20),1-2,0-0,Werder Bremen (20)
20,(Tue) 8 Mar 1983 (10),Hamburger SV (20),2-0,1-0,Fortuna Düsseldorf (20)
20,(Sat) 2 Apr 1983 (13),VfL Bochum (20),3-2,1-2,Bayer 04 Leverkusen (20)
21,(Sat) 19 Feb 1983 (7),FC Schalke 04 (21),1-4,0-2,1. FC Köln (21)
21,(Sat) 19 Feb 1983 (7),Fortuna Düsseldorf (21),2-1,1-0,Bor. Mönchengladbach (21)
21,(Sat) 19 Feb 1983 (7),Karlsruher SC (21),1-2,0-1,Hamburger SV (21)
21,(Sat) 19 Feb 1983 (7),Bayer 04 Leverkusen (21),1-1,1-1,Bayern München (21)
21,(Sat) 19 Feb 1983 (7),Arminia Bielefeld (21),1-1,0-1,VfL Bochum (21)
21,(Sat) 19 Feb 1983 (7),Eintracht Braunschweig (21),1-0,1-0,Eintracht Frankfurt (21)
21,(Sat) 19 Feb 1983 (7),Borussia Dortmund (21),4-0,2-0,1. FC Kaiserslautern (21)
21,(Sat) 19 Feb 1983 (7),1. FC Nürnberg (21),4-2,1-1,Hertha BSC (21)
21,(Tue) 22 Mar 1983 (12),Werder Bremen (21),3-2,2-0,VfB Stuttgart (21)
22,(Sat) 26 Feb 1983 (8),Hamburger SV (22),3-0,1-0,Bayer 04 Leverkusen (22)
22,(Sat) 26 Feb 1983 (8),VfB Stuttgart (22),1-1,1-1,Fortuna Düsseldorf (22)
22,(Sat) 26 Feb 1983 (8),VfL Bochum (22),1-2,1-1,Eintracht Frankfurt (22)
22,(Sat) 26 Feb 1983 (8),Bayern München (22),5-0,3-0,Arminia Bielefeld (22)
22,(Sat) 26 Feb 1983 (8),Borussia Dortmund (22),3-2,2-1,Eintracht Braunschweig (22)
22,(Tue) 22 Mar 1983 (12),1. FC Köln (22),5-2,3-1,1. FC Nürnberg (22)
22,(Sat) 2 Apr 1983 (13),Bor. Mönchengladbach (22),5-0,3-0,Karlsruher SC (22)
22,(Sat) 2 Apr 1983 (13),Hertha BSC (22),0-1,0-1,Werder Bremen (22)
22,(Sat) 2 Apr 1983 (13),1. FC Kaiserslautern (22),2-0,0-0,FC Schalke 04 (22)
23,(Sat) 5 Mar 1983 (9),Werder Bremen (23),1-1,0-1,1. FC Köln (23)
23,(Sat) 5 Mar 1983 (9),Karlsruher SC (23),1-2,1-1,VfB Stuttgart (23)
23,(Sat) 5 Mar 1983 (9),Bayer 04 Leverkusen (23),3-2,1-2,Bor. Mönchengladbach (23)
23,(Sat) 5 Mar 1983 (9),Arminia Bielefeld (23),2-0,1-0,Hamburger SV (23)
23,(Sat) 5 Mar 1983 (9),Eintracht Frankfurt (23),1-0,1-0,Bayern München (23)
23,(Sat) 5 Mar 1983 (9),Eintracht Braunschweig (23),0-2,0-0,VfL Bochum (23)
23,(Sat) 5 Mar 1983 (9),FC Schalke 04 (23),1-2,0-0,Borussia Dortmund (23)
23,(Sat) 5 Mar 1983 (9),1. FC Nürnberg (23),1-1,1-0,1. FC Kaiserslautern (23)
23,(Sat) 5 Mar 1983 (9),Fortuna Düsseldorf (23),1-1,0-0,Hertha BSC (23)
24,(Fri) 11 Mar 1983 (10),Borussia Dortmund (24),4-0,0-0,1. FC Nürnberg (24)
24,(Sat) 12 Mar 1983 (10),VfB Stuttgart (24),5-3,1-1,Bayer 04 Leverkusen (24)
24,(Sat) 12 Mar 1983 (10),Hertha BSC (24),5-2,1-1,Karlsruher SC (24)
24,(Sat) 12 Mar 1983 (10),1. FC Köln (24),4-0,3-0,Fortuna Düsseldorf (24)
24,(Sat) 12 Mar 1983 (10),1. FC Kaiserslautern (24),2-1,2-1,Werder Bremen (24)
24,(Sat) 12 Mar 1983 (10),Bayern München (24),3-0,0-0,VfL Bochum (24)
24,(Sat) 12 Mar 1983 (10),Hamburger SV (24),3-0,2-0,Eintracht Frankfurt (24)
24,(Sat) 12 Mar 1983 (10),Bor. Mönchengladbach (24),3-0,1-0,Arminia Bielefeld (24)
24,(Tue) 22 Mar 1983 (12),FC Schalke 04 (24),3-3,1-1,Eintracht Braunschweig (24)
25,(Fri) 18 Mar 1983 (11),1. FC Nürnberg (25),3-2,2-1,FC Schalke 04 (25)
25,(Fri) 18 Mar 1983 (11),Werder Bremen (25),4-2,2-1,Borussia Dortmund (25)
25,(Sat) 19 Mar 1983 (11),Karlsruher SC (25),1-1,0-1,1. FC Köln (25)
25,(Sat) 19 Mar 1983 (11),Eintracht Frankfurt (25),3-0,2-0,Bor. Mönchengladbach (25)
25,(Sat) 19 Mar 1983 (11),VfL Bochum (25),1-1,0-1,Hamburger SV (25)
25,(Sat) 19 Mar 1983 (11),Eintracht Braunschweig (25),1-1,1-1,Bayern München (25)
25,(Sat) 19 Mar 1983 (11),Fortuna Düsseldorf (25),2-1,1-1,1. FC Kaiserslautern (25)
25,(Sat) 19 Mar 1983 (11),Bayer 04 Leverkusen (25),2-1,2-1,Hertha BSC (25)
25,(Tue) 3 May 1983 (18),Arminia Bielefeld (25),2-2,0-0,VfB Stuttgart (25)
26,(Fri) 25 Mar 1983 (12),Borussia Dortmund (26),1-2,0-0,Fortuna Düsseldorf (26)
26,(Fri) 25 Mar 1983 (12),Hertha BSC (26),2-0,1-0,Arminia Bielefeld (26)
26,(Sat) 26 Mar 1983 (12),1. FC Kaiserslautern (26),7-0,4-0,Karlsruher SC (26)
26,(Sat) 26 Mar 1983 (12),FC Schalke 04 (26),0-2,0-2,Werder Bremen (26)
26,(Sat) 26 Mar 1983 (12),Hamburger SV (26),1-1,1-0,Bayern München (26)
26,(Sat) 26 Mar 1983 (12),Bor. Mönchengladbach (26),3-1,2-1,VfL Bochum (26)
26,(Sat) 26 Mar 1983 (12),VfB Stuttgart (26),4-1,2-1,Eintracht Frankfurt (26)
26,(Sat) 26 Mar 1983 (12),1. FC Nürnberg (26),0-0,0-0,Eintracht Braunschweig (26)
26,(Tue) 19 Apr 1983 (16),1. FC Köln (26),4-1,2-1,Bayer 04 Leverkusen (26)
27,(Fri) 8 Apr 1983 (14),Werder Bremen (27),3-2,3-0,1. FC Nürnberg (27)
27,(Fri) 8 Apr 1983 (14),Bayer 04 Leverkusen (27),0-0,0-0,1. FC Kaiserslautern (27)
27,(Sat) 9 Apr 1983 (14),Arminia Bielefeld (27),2-0,0-0,1. FC Köln (27)
27,(Sat) 9 Apr 1983 (14),VfL Bochum (27),2-2,0-1,VfB Stuttgart (27)
27,(Sat) 9 Apr 1983 (14),Bayern München (27),3-1,1-0,Bor. Mönchengladbach (27)
27,(Sat) 9 Apr 1983 (14),Eintracht Braunschweig (27),2-4,1-3,Hamburger SV (27)
27,(Sat) 9 Apr 1983 (14),Fortuna Düsseldorf (27),3-1,2-1,FC Schalke 04 (27)
27,(Sat) 9 Apr 1983 (14),Eintracht Frankfurt (27),3-1,2-1,Hertha BSC (27)
27,(Tue) 19 Apr 1983 (16),Karlsruher SC (27),2-0,2-0,Borussia Dortmund (27)
28,(Fri) 15 Apr 1983 (15),Borussia Dortmund (28),3-3,0-3,Bayer 04 Leverkusen (28)
28,(Fri) 15 Apr 1983 (15),1. FC Nürnberg (28),3-1,2-0,Fortuna Düsseldorf (28)
28,(Fri) 15 Apr 1983 (15),1. FC Kaiserslautern (28),3-0,0-0,Arminia Bielefeld (28)
28,(Sat) 16 Apr 1983 (15),FC Schalke 04 (28),1-0,1-0,Karlsruher SC (28)
28,(Sat) 16 Apr 1983 (15),Bor. Mönchengladbach (28),1-1,0-0,Hamburger SV (28)
28,(Sat) 16 Apr 1983 (15),VfB Stuttgart (28),1-1,0-1,Bayern München (28)
28,(Sat) 16 Apr 1983 (15),Hertha BSC (28),1-1,0-1,VfL Bochum (28)
28,(Sat) 16 Apr 1983 (15),1. FC Köln (28),2-2,1-1,Eintracht Frankfurt (28)
28,(Sat) 16 Apr 1983 (15),Werder Bremen (28),6-0,3-0,Eintracht Braunschweig (28)
29,(Fri) 29 Apr 1983 (17),Karlsruher SC (29),2-1,1-0,1. FC Nürnberg (29)
29,(Fri) 29 Apr 1983 (17),Arminia Bielefeld (29),1-0,0-0,Borussia Dortmund (29)
29,(Sat) 30 Apr 1983 (17),Bayern München (29),4-0,1-0,Hertha BSC (29)
29,(Sat) 30 Apr 1983 (17),VfL Bochum (29),0-0,0-0,1. FC Köln (29)
29,(Sat) 30 Apr 1983 (17),Hamburger SV (29),2-0,0-0,VfB Stuttgart (29)
29,(Sat) 30 Apr 1983 (17),Eintracht Braunschweig (29),0-0,0-0,Bor. Mönchengladbach (29)
29,(Sat) 30 Apr 1983 (17),Fortuna Düsseldorf (29),2-5,0-3,Werder Bremen (29)
29,(Sat) 30 Apr 1983 (17),Bayer 04 Leverkusen (29),3-1,1-0,FC Schalke 04 (29)
29,(Sat) 30 Apr 1983 (17),Eintracht Frankfurt (29),2-2,2-2,1. FC Kaiserslautern (29)
30,(Fri) 6 May 1983 (18),VfB Stuttgart (30),3-2,1-0,Bor. Mönchengladbach (30)
30,(Fri) 6 May 1983 (18),Hertha BSC (30),1-2,1-1,Hamburger SV (30)
30,(Fri) 6 May 1983 (18),Fortuna Düsseldorf (30),5-0,1-0,Eintracht Braunschweig (30)
30,(Sat) 7 May 1983 (18),1. FC Nürnberg (30),0-1,0-0,Bayer 04 Leverkusen (30)
30,(Sat) 7 May 1983 (18),Werder Bremen (30),3-0,1-0,Karlsruher SC (30)
30,(Sat) 7 May 1983 (18),1. FC Köln (30),2-0,1-0,Bayern München (30)
30,(Sat) 7 May 1983 (18),1. FC Kaiserslautern (30),1-0,1-0,VfL Bochum (30)
30,(Sat) 7 May 1983 (18),Borussia Dortmund (30),4-1,1-0,Eintracht Frankfurt (30)
30,(Sat) 7 May 1983 (18),FC Schalke 04 (30),5-0,3-0,Arminia Bielefeld (30)
31,(Fri) 13 May 1983 (19),Arminia Bielefeld (31),3-0,2-0,1. FC Nürnberg (31)
31,(Fri) 13 May 1983 (19),Karlsruher SC (31),2-1,0-0,Fortuna Düsseldorf (31)
31,(Fri) 13 May 1983 (19),Bayer 04 Leverkusen (31),1-1,1-0,Werder Bremen (31)
31,(Sat) 14 May 1983 (19),Hamburger SV (31),2-1,1-0,1. FC Köln (31)
31,(Sat) 14 May 1983 (19),Eintracht Braunschweig (31),1-2,1-0,VfB Stuttgart (31)
31,(Sat) 14 May 1983 (19),Eintracht Frankfurt (31),3-2,0-1,FC Schalke 04 (31)
31,(Sat) 14 May 1983 (19),VfL Bochum (31),2-2,1-1,Borussia Dortmund (31)
31,(Sat) 14 May 1983 (19),Bayern München (31),0-1,0-0,1. FC Kaiserslautern (31)
31,(Sat) 14 May 1983 (19),Bor. Mönchengladbach (31),3-1,2-1,Hertha BSC (31)
32,(Fri) 20 May 1983 (20),1. FC Köln (32),2-1,0-1,Bor. Mönchengladbach (32)
32,(Fri) 20 May 1983 (20),FC Schalke 04 (32),2-0,0-0,VfL Bochum (32)
32,(Fri) 20 May 1983 (20),VfB Stuttgart (32),4-1,2-0,Hertha BSC (32)
32,(Sat) 21 May 1983 (20),Fortuna Düsseldorf (32),4-0,2-0,Bayer 04 Leverkusen (32)
32,(Sat) 21 May 1983 (20),Eintracht Braunschweig (32),5-1,1-1,Karlsruher SC (32)
32,(Sat) 21 May 1983 (20),1. FC Kaiserslautern (32),2-2,0-0,Hamburger SV (32)
32,(Sat) 21 May 1983 (20),Borussia Dortmund (32),4-4,1-1,Bayern München (32)
32,(Sat) 21 May 1983 (20),1. FC Nürnberg (32),3-0,1-0,Eintracht Frankfurt (32)
32,(Sat) 21 May 1983 (20),Werder Bremen (32),5-1,2-0,Arminia Bielefeld (32)
33,(Sat) 28 May 1983 (21),VfB Stuttgart (33),2-1,1-0,1. FC Köln (33)
33,(Sat) 28 May 1983 (21),Bayer 04 Leverkusen (33),3-1,0-0,Karlsruher SC (33)
33,(Sat) 28 May 1983 (21),Arminia Bielefeld (33),2-1,1-0,Fortuna Düsseldorf (33)
33,(Sat) 28 May 1983 (21),Eintracht Frankfurt (33),0-1,0-1,Werder Bremen (33)
33,(Sat) 28 May 1983 (21),VfL Bochum (33),6-0,3-0,1. FC Nürnberg (33)
33,(Sat) 28 May 1983 (21),Bayern München (33),0-1,0-0,FC Schalke 04 (33)
33,(Sat) 28 May 1983 (21),Hamburger SV (33),5-0,3-0,Borussia Dortmund (33)
33,(Sat) 28 May 1983 (21),Bor. Mönchengladbach (33),4-2,2-2,1. FC Kaiserslautern (33)
33,(Sat) 28 May 1983 (21),Hertha BSC (33),3-3,2-3,Eintracht Braunschweig (33)
34,(Sat) 4 Jun 1983 (22),Eintracht Braunschweig (34),1-3,1-1,Bayer 04 Leverkusen (34)
34,(Sat) 4 Jun 1983 (22),1. FC Kaiserslautern (34),2-3,1-1,VfB Stuttgart (34)
34,(Sat) 4 Jun 1983 (22),Borussia Dortmund (34),4-6,3-1,Bor. Mönchengladbach (34)
34,(Sat) 4 Jun 1983 (22),FC Schalke 04 (34),1-2,1-1,Hamburger SV (34)
34,(Sat) 4 Jun 1983 (22),1. FC Nürnberg (34),2-3,2-1,Bayern München (34)
34,(Sat) 4 Jun 1983 (22),Werder Bremen (34),3-2,1-1,VfL Bochum (34)
34,(Sat) 4 Jun 1983 (22),Fortuna Düsseldorf (34),5-1,3-1,Eintracht Frankfurt (34)
34,(Sat) 4 Jun 1983 (22),Karlsruher SC (34),1-1,0-0,Arminia Bielefeld (34)
34,(Sat) 4 Jun 1983 (22),1. FC Köln (34),3-2,1-0,Hertha BSC (34)
