Round,Date,Team 1,FT,HT,Team 2
?,(Fri) 26 Aug 2016 (W34),Bayern München (1),6-0,2-0,Werder Bremen (1)
?,(Sat) 27 Aug 2016 (W34),FC Augsburg (1),0-2,0-1,VfL Wolfsburg (1)
?,(Sat) 27 Aug 2016 (W34),Borussia Dortmund (1),2-1,1-0,1. FSV Mainz 05 (1)
?,(Sat) 27 Aug 2016 (W34),Eintracht Frankfurt (1),1-0,1-0,FC Schalke 04 (1)
?,(Sat) 27 Aug 2016 (W34),1. FC Köln (1),2-0,1-0,SV Darmstadt 98 (1)
?,(Sat) 27 Aug 2016 (W34),Hamburger SV (1),1-1,1-0,FC Ingolstadt 04 (1)
?,(Sat) 27 Aug 2016 (W34),Bor. Mönchengladbach (1),2-1,1-0,Bayer 04 Leverkusen (1)
?,(Sun) 28 Aug 2016 (W34),Hertha BSC (1),2-1,0-0,SC Freiburg (1)
?,(Sun) 28 Aug 2016 (W34),TSG 1899 Hoffenheim (1),2-2,0-0,RB Leipzig (1)
?,(Fri) 9 Sep 2016 (W36),FC Schalke 04 (2),0-2,0-0,Bayern München (2)
?,(Sat) 10 Sep 2016 (W36),SV Darmstadt 98 (2),1-0,0-0,Eintracht Frankfurt (2)
?,(Sat) 10 Sep 2016 (W36),SC Freiburg (2),3-1,0-1,Bor. Mönchengladbach (2)
?,(Sat) 10 Sep 2016 (W36),FC Ingolstadt 04 (2),0-2,0-1,Hertha BSC (2)
?,(Sat) 10 Sep 2016 (W36),Bayer 04 Leverkusen (2),3-1,0-0,Hamburger SV (2)
?,(Sat) 10 Sep 2016 (W36),RB Leipzig (2),1-0,0-0,Borussia Dortmund (2)
?,(Sat) 10 Sep 2016 (W36),VfL Wolfsburg (2),0-0,0-0,1. FC Köln (2)
?,(Sun) 11 Sep 2016 (W36),1. FSV Mainz 05 (2),4-4,4-1,TSG 1899 Hoffenheim (2)
?,(Sun) 11 Sep 2016 (W36),Werder Bremen (2),1-2,1-0,FC Augsburg (2)
?,(Fri) 16 Sep 2016 (W37),1. FC Köln (3),3-0,3-0,SC Freiburg (3)
?,(Sat) 17 Sep 2016 (W37),Bayern München (3),3-1,1-1,FC Ingolstadt 04 (3)
?,(Sat) 17 Sep 2016 (W37),Borussia Dortmund (3),6-0,1-0,SV Darmstadt 98 (3)
?,(Sat) 17 Sep 2016 (W37),Eintracht Frankfurt (3),2-1,0-0,Bayer 04 Leverkusen (3)
?,(Sat) 17 Sep 2016 (W37),Hamburger SV (3),0-4,0-0,RB Leipzig (3)
?,(Sat) 17 Sep 2016 (W37),TSG 1899 Hoffenheim (3),0-0,0-0,VfL Wolfsburg (3)
?,(Sat) 17 Sep 2016 (W37),Bor. Mönchengladbach (3),4-1,4-0,Werder Bremen (3)
?,(Sun) 18 Sep 2016 (W37),FC Augsburg (3),1-3,0-1,1. FSV Mainz 05 (3)
?,(Sun) 18 Sep 2016 (W37),Hertha BSC (3),2-0,0-0,FC Schalke 04 (3)
?,(Tue) 20 Sep 2016 (W38),SV Darmstadt 98 (4),1-1,0-0,TSG 1899 Hoffenheim (4)
?,(Tue) 20 Sep 2016 (W38),SC Freiburg (4),1-0,0-0,Hamburger SV (4)
?,(Tue) 20 Sep 2016 (W38),FC Ingolstadt 04 (4),0-2,0-1,Eintracht Frankfurt (4)
?,(Tue) 20 Sep 2016 (W38),VfL Wolfsburg (4),1-5,0-2,Borussia Dortmund (4)
?,(Wed) 21 Sep 2016 (W38),Bayern München (4),3-0,1-0,Hertha BSC (4)
?,(Wed) 21 Sep 2016 (W38),Bayer 04 Leverkusen (4),0-0,0-0,FC Augsburg (4)
?,(Wed) 21 Sep 2016 (W38),RB Leipzig (4),1-1,1-0,Bor. Mönchengladbach (4)
?,(Wed) 21 Sep 2016 (W38),FC Schalke 04 (4),1-3,1-1,1. FC Köln (4)
?,(Wed) 21 Sep 2016 (W38),Werder Bremen (4),1-2,1-0,1. FSV Mainz 05 (4)
?,(Fri) 23 Sep 2016 (W38),Borussia Dortmund (5),3-1,1-0,SC Freiburg (5)
?,(Sat) 24 Sep 2016 (W38),FC Augsburg (5),1-0,0-0,SV Darmstadt 98 (5)
?,(Sat) 24 Sep 2016 (W38),Eintracht Frankfurt (5),3-3,2-1,Hertha BSC (5)
?,(Sat) 24 Sep 2016 (W38),Hamburger SV (5),0-1,0-0,Bayern München (5)
?,(Sat) 24 Sep 2016 (W38),1. FSV Mainz 05 (5),2-3,2-1,Bayer 04 Leverkusen (5)
?,(Sat) 24 Sep 2016 (W38),Bor. Mönchengladbach (5),2-0,1-0,FC Ingolstadt 04 (5)
?,(Sat) 24 Sep 2016 (W38),Werder Bremen (5),2-1,0-0,VfL Wolfsburg (5)
?,(Sun) 25 Sep 2016 (W38),1. FC Köln (5),1-1,1-1,RB Leipzig (5)
?,(Sun) 25 Sep 2016 (W38),TSG 1899 Hoffenheim (5),2-1,2-1,FC Schalke 04 (5)
?,(Fri) 30 Sep 2016 (W39),RB Leipzig (6),2-1,1-1,FC Augsburg (6)
?,(Sat) 1 Oct 2016 (W39),Bayern München (6),1-1,1-0,1. FC Köln (6)
?,(Sat) 1 Oct 2016 (W39),SV Darmstadt 98 (6),2-2,1-0,Werder Bremen (6)
?,(Sat) 1 Oct 2016 (W39),SC Freiburg (6),1-0,1-0,Eintracht Frankfurt (6)
?,(Sat) 1 Oct 2016 (W39),Hertha BSC (6),2-0,1-0,Hamburger SV (6)
?,(Sat) 1 Oct 2016 (W39),FC Ingolstadt 04 (6),1-2,0-2,TSG 1899 Hoffenheim (6)
?,(Sat) 1 Oct 2016 (W39),Bayer 04 Leverkusen (6),2-0,1-0,Borussia Dortmund (6)
?,(Sun) 2 Oct 2016 (W39),FC Schalke 04 (6),4-0,0-0,Bor. Mönchengladbach (6)
?,(Sun) 2 Oct 2016 (W39),VfL Wolfsburg (6),0-0,0-0,1. FSV Mainz 05 (6)
?,(Fri) 14 Oct 2016 (W41),Borussia Dortmund (7),1-1,0-0,Hertha BSC (7)
?,(Sat) 15 Oct 2016 (W41),FC Augsburg (7),1-1,0-0,FC Schalke 04 (7)
?,(Sat) 15 Oct 2016 (W41),Eintracht Frankfurt (7),2-2,1-1,Bayern München (7)
?,(Sat) 15 Oct 2016 (W41),1. FC Köln (7),2-1,2-0,FC Ingolstadt 04 (7)
?,(Sat) 15 Oct 2016 (W41),TSG 1899 Hoffenheim (7),2-1,1-0,SC Freiburg (7)
?,(Sat) 15 Oct 2016 (W41),Bor. Mönchengladbach (7),0-0,0-0,Hamburger SV (7)
?,(Sat) 15 Oct 2016 (W41),Werder Bremen (7),2-1,1-1,Bayer 04 Leverkusen (7)
?,(Sun) 16 Oct 2016 (W41),1. FSV Mainz 05 (7),2-1,1-0,SV Darmstadt 98 (7)
?,(Sun) 16 Oct 2016 (W41),VfL Wolfsburg (7),0-1,0-0,RB Leipzig (7)
?,(Fri) 21 Oct 2016 (W42),Hamburger SV (8),0-3,0-1,Eintracht Frankfurt (8)
?,(Sat) 22 Oct 2016 (W42),Bayern München (8),2-0,2-0,Bor. Mönchengladbach (8)
?,(Sat) 22 Oct 2016 (W42),SV Darmstadt 98 (8),3-1,1-0,VfL Wolfsburg (8)
?,(Sat) 22 Oct 2016 (W42),SC Freiburg (8),2-1,0-0,FC Augsburg (8)
?,(Sat) 22 Oct 2016 (W42),Hertha BSC (8),2-1,1-0,1. FC Köln (8)
?,(Sat) 22 Oct 2016 (W42),FC Ingolstadt 04 (8),3-3,2-0,Borussia Dortmund (8)
?,(Sat) 22 Oct 2016 (W42),Bayer 04 Leverkusen (8),0-3,0-1,TSG 1899 Hoffenheim (8)
?,(Sun) 23 Oct 2016 (W42),RB Leipzig (8),3-1,1-0,Werder Bremen (8)
?,(Sun) 23 Oct 2016 (W42),FC Schalke 04 (8),3-0,1-0,1. FSV Mainz 05 (8)
?,(Fri) 28 Oct 2016 (W43),Bor. Mönchengladbach (9),0-0,0-0,Eintracht Frankfurt (9)
?,(Sat) 29 Oct 2016 (W43),FC Augsburg (9),1-3,0-2,Bayern München (9)
?,(Sat) 29 Oct 2016 (W43),SV Darmstadt 98 (9),0-2,0-0,RB Leipzig (9)
?,(Sat) 29 Oct 2016 (W43),Borussia Dortmund (9),0-0,0-0,FC Schalke 04 (9)
?,(Sat) 29 Oct 2016 (W43),1. FSV Mainz 05 (9),2-0,0-0,FC Ingolstadt 04 (9)
?,(Sat) 29 Oct 2016 (W43),Werder Bremen (9),1-3,0-2,SC Freiburg (9)
?,(Sat) 29 Oct 2016 (W43),VfL Wolfsburg (9),1-2,1-0,Bayer 04 Leverkusen (9)
?,(Sun) 30 Oct 2016 (W43),1. FC Köln (9),3-0,0-0,Hamburger SV (9)
?,(Sun) 30 Oct 2016 (W43),TSG 1899 Hoffenheim (9),1-0,1-0,Hertha BSC (9)
?,(Fri) 4 Nov 2016 (W44),Hertha BSC (10),3-0,2-0,Bor. Mönchengladbach (10)
?,(Sat) 5 Nov 2016 (W44),Bayern München (10),1-1,1-1,TSG 1899 Hoffenheim (10)
?,(Sat) 5 Nov 2016 (W44),Eintracht Frankfurt (10),1-0,1-0,1. FC Köln (10)
?,(Sat) 5 Nov 2016 (W44),SC Freiburg (10),0-3,0-1,VfL Wolfsburg (10)
?,(Sat) 5 Nov 2016 (W44),Hamburger SV (10),2-5,0-3,Borussia Dortmund (10)
?,(Sat) 5 Nov 2016 (W44),FC Ingolstadt 04 (10),0-2,0-0,FC Augsburg (10)
?,(Sat) 5 Nov 2016 (W44),Bayer 04 Leverkusen (10),3-2,1-0,SV Darmstadt 98 (10)
?,(Sun) 6 Nov 2016 (W44),RB Leipzig (10),3-1,3-0,1. FSV Mainz 05 (10)
?,(Sun) 6 Nov 2016 (W44),FC Schalke 04 (10),3-1,2-1,Werder Bremen (10)
?,(Fri) 18 Nov 2016 (W46),Bayer 04 Leverkusen (11),2-3,2-1,RB Leipzig (11)
?,(Sat) 19 Nov 2016 (W46),FC Augsburg (11),0-0,0-0,Hertha BSC (11)
?,(Sat) 19 Nov 2016 (W46),SV Darmstadt 98 (11),0-1,0-0,FC Ingolstadt 04 (11)
?,(Sat) 19 Nov 2016 (W46),Borussia Dortmund (11),1-0,1-0,Bayern München (11)
?,(Sat) 19 Nov 2016 (W46),1. FSV Mainz 05 (11),4-2,2-0,SC Freiburg (11)
?,(Sat) 19 Nov 2016 (W46),Bor. Mönchengladbach (11),1-2,1-0,1. FC Köln (11)
?,(Sat) 19 Nov 2016 (W46),VfL Wolfsburg (11),0-1,0-0,FC Schalke 04 (11)
?,(Sun) 20 Nov 2016 (W46),TSG 1899 Hoffenheim (11),2-2,1-1,Hamburger SV (11)
?,(Sun) 20 Nov 2016 (W46),Werder Bremen (11),1-2,1-0,Eintracht Frankfurt (11)
?,(Fri) 25 Nov 2016 (W47),SC Freiburg (12),1-4,1-3,RB Leipzig (12)
?,(Sat) 26 Nov 2016 (W47),Bayern München (12),2-1,1-1,Bayer 04 Leverkusen (12)
?,(Sat) 26 Nov 2016 (W47),Eintracht Frankfurt (12),2-1,0-0,Borussia Dortmund (12)
?,(Sat) 26 Nov 2016 (W47),1. FC Köln (12),0-0,0-0,FC Augsburg (12)
?,(Sat) 26 Nov 2016 (W47),Hamburger SV (12),2-2,2-2,Werder Bremen (12)
?,(Sat) 26 Nov 2016 (W47),FC Ingolstadt 04 (12),1-1,1-0,VfL Wolfsburg (12)
?,(Sat) 26 Nov 2016 (W47),Bor. Mönchengladbach (12),1-1,1-0,TSG 1899 Hoffenheim (12)
?,(Sun) 27 Nov 2016 (W47),Hertha BSC (12),2-1,1-1,1. FSV Mainz 05 (12)
?,(Sun) 27 Nov 2016 (W47),FC Schalke 04 (12),3-1,1-1,SV Darmstadt 98 (12)
?,(Fri) 2 Dec 2016 (W48),1. FSV Mainz 05 (13),1-3,1-2,Bayern München (13)
?,(Sat) 3 Dec 2016 (W48),Borussia Dortmund (13),4-1,2-1,Bor. Mönchengladbach (13)
?,(Sat) 3 Dec 2016 (W48),TSG 1899 Hoffenheim (13),4-0,2-0,1. FC Köln (13)
?,(Sat) 3 Dec 2016 (W48),Bayer 04 Leverkusen (13),1-1,0-1,SC Freiburg (13)
?,(Sat) 3 Dec 2016 (W48),RB Leipzig (13),2-1,1-1,FC Schalke 04 (13)
?,(Sat) 3 Dec 2016 (W48),Werder Bremen (13),2-1,1-0,FC Ingolstadt 04 (13)
?,(Sat) 3 Dec 2016 (W48),VfL Wolfsburg (13),2-3,2-1,Hertha BSC (13)
?,(Sun) 4 Dec 2016 (W48),FC Augsburg (13),1-1,1-1,Eintracht Frankfurt (13)
?,(Sun) 4 Dec 2016 (W48),SV Darmstadt 98 (13),0-2,0-1,Hamburger SV (13)
?,(Fri) 9 Dec 2016 (W49),Eintracht Frankfurt (14),0-0,0-0,TSG 1899 Hoffenheim (14)
?,(Sat) 10 Dec 2016 (W49),Bayern München (14),5-0,2-0,VfL Wolfsburg (14)
?,(Sat) 10 Dec 2016 (W49),1. FC Köln (14),1-1,1-0,Borussia Dortmund (14)
?,(Sat) 10 Dec 2016 (W49),SC Freiburg (14),1-0,0-0,SV Darmstadt 98 (14)
?,(Sat) 10 Dec 2016 (W49),Hamburger SV (14),1-0,0-0,FC Augsburg (14)
?,(Sat) 10 Dec 2016 (W49),Hertha BSC (14),0-1,0-1,Werder Bremen (14)
?,(Sat) 10 Dec 2016 (W49),FC Ingolstadt 04 (14),1-0,1-0,RB Leipzig (14)
?,(Sun) 11 Dec 2016 (W49),Bor. Mönchengladbach (14),1-0,0-0,1. FSV Mainz 05 (14)
?,(Sun) 11 Dec 2016 (W49),FC Schalke 04 (14),0-1,0-0,Bayer 04 Leverkusen (14)
?,(Fri) 16 Dec 2016 (W50),TSG 1899 Hoffenheim (15),2-2,2-1,Borussia Dortmund (15)
?,(Sat) 17 Dec 2016 (W50),FC Augsburg (15),1-0,0-0,Bor. Mönchengladbach (15)
?,(Sat) 17 Dec 2016 (W50),1. FSV Mainz 05 (15),3-1,1-1,Hamburger SV (15)
?,(Sat) 17 Dec 2016 (W50),RB Leipzig (15),2-0,1-0,Hertha BSC (15)
?,(Sat) 17 Dec 2016 (W50),FC Schalke 04 (15),1-1,0-0,SC Freiburg (15)
?,(Sat) 17 Dec 2016 (W50),Werder Bremen (15),1-1,1-1,1. FC Köln (15)
?,(Sat) 17 Dec 2016 (W50),VfL Wolfsburg (15),1-0,1-0,Eintracht Frankfurt (15)
?,(Sun) 18 Dec 2016 (W50),SV Darmstadt 98 (15),0-1,0-0,Bayern München (15)
?,(Sun) 18 Dec 2016 (W50),Bayer 04 Leverkusen (15),1-2,0-1,FC Ingolstadt 04 (15)
?,(Tue) 20 Dec 2016 (W51),Borussia Dortmund (16),1-1,0-1,FC Augsburg (16)
?,(Tue) 20 Dec 2016 (W51),Eintracht Frankfurt (16),3-0,1-0,1. FSV Mainz 05 (16)
?,(Tue) 20 Dec 2016 (W51),Hamburger SV (16),2-1,0-0,FC Schalke 04 (16)
?,(Tue) 20 Dec 2016 (W51),Bor. Mönchengladbach (16),1-2,0-1,VfL Wolfsburg (16)
?,(Wed) 21 Dec 2016 (W51),Bayern München (16),3-0,3-0,RB Leipzig (16)
?,(Wed) 21 Dec 2016 (W51),1. FC Köln (16),1-1,1-1,Bayer 04 Leverkusen (16)
?,(Wed) 21 Dec 2016 (W51),Hertha BSC (16),2-0,0-0,SV Darmstadt 98 (16)
?,(Wed) 21 Dec 2016 (W51),TSG 1899 Hoffenheim (16),1-1,1-0,Werder Bremen (16)
?,(Wed) 21 Dec 2016 (W51),FC Ingolstadt 04 (16),1-2,0-2,SC Freiburg (16)
?,(Fri) 20 Jan 2017 (W3),SC Freiburg (17),1-2,1-1,Bayern München (17)
?,(Sat) 21 Jan 2017 (W3),FC Augsburg (17),0-2,0-0,TSG 1899 Hoffenheim (17)
?,(Sat) 21 Jan 2017 (W3),SV Darmstadt 98 (17),0-0,0-0,Bor. Mönchengladbach (17)
?,(Sat) 21 Jan 2017 (W3),RB Leipzig (17),3-0,2-0,Eintracht Frankfurt (17)
?,(Sat) 21 Jan 2017 (W3),FC Schalke 04 (17),1-0,0-0,FC Ingolstadt 04 (17)
?,(Sat) 21 Jan 2017 (W3),Werder Bremen (17),1-2,0-1,Borussia Dortmund (17)
?,(Sat) 21 Jan 2017 (W3),VfL Wolfsburg (17),1-0,0-0,Hamburger SV (17)
?,(Sun) 22 Jan 2017 (W3),Bayer 04 Leverkusen (17),3-1,2-1,Hertha BSC (17)
?,(Sun) 22 Jan 2017 (W3),1. FSV Mainz 05 (17),0-0,0-0,1. FC Köln (17)
?,(Fri) 27 Jan 2017 (W4),FC Schalke 04 (18),0-1,0-1,Eintracht Frankfurt (18)
?,(Sat) 28 Jan 2017 (W4),SV Darmstadt 98 (18),1-6,0-3,1. FC Köln (18)
?,(Sat) 28 Jan 2017 (W4),FC Ingolstadt 04 (18),3-1,2-0,Hamburger SV (18)
?,(Sat) 28 Jan 2017 (W4),Bayer 04 Leverkusen (18),2-3,2-0,Bor. Mönchengladbach (18)
?,(Sat) 28 Jan 2017 (W4),RB Leipzig (18),2-1,1-1,TSG 1899 Hoffenheim (18)
?,(Sat) 28 Jan 2017 (W4),Werder Bremen (18),1-2,0-2,Bayern München (18)
?,(Sat) 28 Jan 2017 (W4),VfL Wolfsburg (18),1-2,1-1,FC Augsburg (18)
?,(Sun) 29 Jan 2017 (W4),SC Freiburg (18),2-1,1-0,Hertha BSC (18)
?,(Sun) 29 Jan 2017 (W4),1. FSV Mainz 05 (18),1-1,0-1,Borussia Dortmund (18)
?,(Fri) 3 Feb 2017 (W5),Hamburger SV (19),1-0,0-0,Bayer 04 Leverkusen (19)
?,(Sat) 4 Feb 2017 (W5),Bayern München (19),1-1,1-1,FC Schalke 04 (19)
?,(Sat) 4 Feb 2017 (W5),Borussia Dortmund (19),1-0,1-0,RB Leipzig (19)
?,(Sat) 4 Feb 2017 (W5),1. FC Köln (19),1-0,0-0,VfL Wolfsburg (19)
?,(Sat) 4 Feb 2017 (W5),Hertha BSC (19),1-0,1-0,FC Ingolstadt 04 (19)
?,(Sat) 4 Feb 2017 (W5),TSG 1899 Hoffenheim (19),4-0,1-0,1. FSV Mainz 05 (19)
?,(Sat) 4 Feb 2017 (W5),Bor. Mönchengladbach (19),3-0,0-0,SC Freiburg (19)
?,(Sun) 5 Feb 2017 (W5),FC Augsburg (19),3-2,1-1,Werder Bremen (19)
?,(Sun) 5 Feb 2017 (W5),Eintracht Frankfurt (19),2-0,0-0,SV Darmstadt 98 (19)
?,(Fri) 10 Feb 2017 (W6),1. FSV Mainz 05 (20),2-0,1-0,FC Augsburg (20)
?,(Sat) 11 Feb 2017 (W6),SV Darmstadt 98 (20),2-1,1-1,Borussia Dortmund (20)
?,(Sat) 11 Feb 2017 (W6),FC Ingolstadt 04 (20),0-2,0-0,Bayern München (20)
?,(Sat) 11 Feb 2017 (W6),Bayer 04 Leverkusen (20),3-0,1-0,Eintracht Frankfurt (20)
?,(Sat) 11 Feb 2017 (W6),RB Leipzig (20),0-3,0-2,Hamburger SV (20)
?,(Sat) 11 Feb 2017 (W6),FC Schalke 04 (20),2-0,1-0,Hertha BSC (20)
?,(Sat) 11 Feb 2017 (W6),Werder Bremen (20),0-1,0-1,Bor. Mönchengladbach (20)
?,(Sun) 12 Feb 2017 (W6),SC Freiburg (20),2-1,1-1,1. FC Köln (20)
?,(Sun) 12 Feb 2017 (W6),VfL Wolfsburg (20),2-1,0-1,TSG 1899 Hoffenheim (20)
?,(Fri) 17 Feb 2017 (W7),FC Augsburg (21),1-3,0-2,Bayer 04 Leverkusen (21)
?,(Sat) 18 Feb 2017 (W7),Borussia Dortmund (21),3-0,1-0,VfL Wolfsburg (21)
?,(Sat) 18 Feb 2017 (W7),Eintracht Frankfurt (21),0-2,0-1,FC Ingolstadt 04 (21)
?,(Sat) 18 Feb 2017 (W7),Hamburger SV (21),2-2,1-1,SC Freiburg (21)
?,(Sat) 18 Feb 2017 (W7),Hertha BSC (21),1-1,1-0,Bayern München (21)
?,(Sat) 18 Feb 2017 (W7),TSG 1899 Hoffenheim (21),2-0,0-0,SV Darmstadt 98 (21)
?,(Sat) 18 Feb 2017 (W7),1. FSV Mainz 05 (21),0-2,0-2,Werder Bremen (21)
?,(Sun) 19 Feb 2017 (W7),1. FC Köln (21),1-1,1-1,FC Schalke 04 (21)
?,(Sun) 19 Feb 2017 (W7),Bor. Mönchengladbach (21),1-2,0-1,RB Leipzig (21)
?,(Fri) 24 Feb 2017 (W8),VfL Wolfsburg (22),1-2,1-2,Werder Bremen (22)
?,(Sat) 25 Feb 2017 (W8),Bayern München (22),8-0,3-0,Hamburger SV (22)
?,(Sat) 25 Feb 2017 (W8),SV Darmstadt 98 (22),1-2,0-0,FC Augsburg (22)
?,(Sat) 25 Feb 2017 (W8),SC Freiburg (22),0-3,0-1,Borussia Dortmund (22)
?,(Sat) 25 Feb 2017 (W8),Hertha BSC (22),2-0,0-0,Eintracht Frankfurt (22)
?,(Sat) 25 Feb 2017 (W8),Bayer 04 Leverkusen (22),0-2,0-2,1. FSV Mainz 05 (22)
?,(Sat) 25 Feb 2017 (W8),RB Leipzig (22),3-1,2-0,1. FC Köln (22)
?,(Sun) 26 Feb 2017 (W8),FC Ingolstadt 04 (22),0-2,0-0,Bor. Mönchengladbach (22)
?,(Sun) 26 Feb 2017 (W8),FC Schalke 04 (22),1-1,1-0,TSG 1899 Hoffenheim (22)
?,(Fri) 3 Mar 2017 (W9),FC Augsburg (23),2-2,1-1,RB Leipzig (23)
?,(Sat) 4 Mar 2017 (W9),Borussia Dortmund (23),6-2,2-0,Bayer 04 Leverkusen (23)
?,(Sat) 4 Mar 2017 (W9),1. FC Köln (23),0-3,0-1,Bayern München (23)
?,(Sat) 4 Mar 2017 (W9),TSG 1899 Hoffenheim (23),5-2,1-1,FC Ingolstadt 04 (23)
?,(Sat) 4 Mar 2017 (W9),1. FSV Mainz 05 (23),1-1,1-1,VfL Wolfsburg (23)
?,(Sat) 4 Mar 2017 (W9),Bor. Mönchengladbach (23),4-2,1-1,FC Schalke 04 (23)
?,(Sat) 4 Mar 2017 (W9),Werder Bremen (23),2-0,0-0,SV Darmstadt 98 (23)
?,(Sun) 5 Mar 2017 (W9),Eintracht Frankfurt (23),1-2,1-1,SC Freiburg (23)
?,(Sun) 5 Mar 2017 (W9),Hamburger SV (23),1-0,0-0,Hertha BSC (23)
?,(Fri) 10 Mar 2017 (W10),Bayer 04 Leverkusen (24),1-1,1-0,Werder Bremen (24)
?,(Sat) 11 Mar 2017 (W10),Bayern München (24),3-0,2-0,Eintracht Frankfurt (24)
?,(Sat) 11 Mar 2017 (W10),SV Darmstadt 98 (24),2-1,2-1,1. FSV Mainz 05 (24)
?,(Sat) 11 Mar 2017 (W10),SC Freiburg (24),1-1,0-0,TSG 1899 Hoffenheim (24)
?,(Sat) 11 Mar 2017 (W10),Hertha BSC (24),2-1,1-0,Borussia Dortmund (24)
?,(Sat) 11 Mar 2017 (W10),FC Ingolstadt 04 (24),2-2,1-1,1. FC Köln (24)
?,(Sat) 11 Mar 2017 (W10),RB Leipzig (24),0-1,0-1,VfL Wolfsburg (24)
?,(Sun) 12 Mar 2017 (W10),Hamburger SV (24),2-1,1-1,Bor. Mönchengladbach (24)
?,(Sun) 12 Mar 2017 (W10),FC Schalke 04 (24),3-0,3-0,FC Augsburg (24)
?,(Fri) 17 Mar 2017 (W11),Borussia Dortmund (25),1-0,1-0,FC Ingolstadt 04 (25)
?,(Sat) 18 Mar 2017 (W11),FC Augsburg (25),1-1,1-1,SC Freiburg (25)
?,(Sat) 18 Mar 2017 (W11),Eintracht Frankfurt (25),0-0,0-0,Hamburger SV (25)
?,(Sat) 18 Mar 2017 (W11),1. FC Köln (25),4-2,3-0,Hertha BSC (25)
?,(Sat) 18 Mar 2017 (W11),TSG 1899 Hoffenheim (25),1-0,0-0,Bayer 04 Leverkusen (25)
?,(Sat) 18 Mar 2017 (W11),Werder Bremen (25),3-0,1-0,RB Leipzig (25)
?,(Sat) 18 Mar 2017 (W11),VfL Wolfsburg (25),1-0,1-0,SV Darmstadt 98 (25)
?,(Sun) 19 Mar 2017 (W11),1. FSV Mainz 05 (25),0-1,0-0,FC Schalke 04 (25)
?,(Sun) 19 Mar 2017 (W11),Bor. Mönchengladbach (25),0-1,0-0,Bayern München (25)
?,(Fri) 31 Mar 2017 (W13),Hertha BSC (26),1-3,1-1,TSG 1899 Hoffenheim (26)
?,(Sat) 1 Apr 2017 (W13),Bayern München (26),6-0,2-0,FC Augsburg (26)
?,(Sat) 1 Apr 2017 (W13),Eintracht Frankfurt (26),0-0,0-0,Bor. Mönchengladbach (26)
?,(Sat) 1 Apr 2017 (W13),SC Freiburg (26),2-5,0-2,Werder Bremen (26)
?,(Sat) 1 Apr 2017 (W13),Hamburger SV (26),2-1,1-1,1. FC Köln (26)
?,(Sat) 1 Apr 2017 (W13),RB Leipzig (26),4-0,1-0,SV Darmstadt 98 (26)
?,(Sat) 1 Apr 2017 (W13),FC Schalke 04 (26),1-1,0-0,Borussia Dortmund (26)
?,(Sun) 2 Apr 2017 (W13),FC Ingolstadt 04 (26),2-1,1-0,1. FSV Mainz 05 (26)
?,(Sun) 2 Apr 2017 (W13),Bayer 04 Leverkusen (26),3-3,1-0,VfL Wolfsburg (26)
?,(Tue) 4 Apr 2017 (W14),Borussia Dortmund (27),3-0,1-0,Hamburger SV (27)
?,(Tue) 4 Apr 2017 (W14),1. FC Köln (27),1-0,0-0,Eintracht Frankfurt (27)
?,(Tue) 4 Apr 2017 (W14),TSG 1899 Hoffenheim (27),1-0,1-0,Bayern München (27)
?,(Tue) 4 Apr 2017 (W14),Werder Bremen (27),3-0,1-0,FC Schalke 04 (27)
?,(Wed) 5 Apr 2017 (W14),FC Augsburg (27),2-3,0-2,FC Ingolstadt 04 (27)
?,(Wed) 5 Apr 2017 (W14),SV Darmstadt 98 (27),0-2,0-1,Bayer 04 Leverkusen (27)
?,(Wed) 5 Apr 2017 (W14),1. FSV Mainz 05 (27),2-3,0-0,RB Leipzig (27)
?,(Wed) 5 Apr 2017 (W14),Bor. Mönchengladbach (27),1-0,1-0,Hertha BSC (27)
?,(Wed) 5 Apr 2017 (W14),VfL Wolfsburg (27),0-1,0-0,SC Freiburg (27)
?,(Fri) 7 Apr 2017 (W14),Eintracht Frankfurt (28),2-2,0-2,Werder Bremen (28)
?,(Sat) 8 Apr 2017 (W14),Bayern München (28),4-1,2-1,Borussia Dortmund (28)
?,(Sat) 8 Apr 2017 (W14),1. FC Köln (28),2-3,1-1,Bor. Mönchengladbach (28)
?,(Sat) 8 Apr 2017 (W14),SC Freiburg (28),1-0,0-0,1. FSV Mainz 05 (28)
?,(Sat) 8 Apr 2017 (W14),Hamburger SV (28),2-1,1-1,TSG 1899 Hoffenheim (28)
?,(Sat) 8 Apr 2017 (W14),RB Leipzig (28),1-0,0-0,Bayer 04 Leverkusen (28)
?,(Sat) 8 Apr 2017 (W14),FC Schalke 04 (28),4-1,2-0,VfL Wolfsburg (28)
?,(Sun) 9 Apr 2017 (W14),Hertha BSC (28),2-0,2-0,FC Augsburg (28)
?,(Sun) 9 Apr 2017 (W14),FC Ingolstadt 04 (28),3-2,1-2,SV Darmstadt 98 (28)
?,(Sat) 15 Apr 2017 (W15),FC Augsburg (29),2-1,2-0,1. FC Köln (29)
?,(Sat) 15 Apr 2017 (W15),Borussia Dortmund (29),3-1,2-1,Eintracht Frankfurt (29)
?,(Sat) 15 Apr 2017 (W15),TSG 1899 Hoffenheim (29),5-3,2-2,Bor. Mönchengladbach (29)
?,(Sat) 15 Apr 2017 (W15),Bayer 04 Leverkusen (29),0-0,0-0,Bayern München (29)
?,(Sat) 15 Apr 2017 (W15),1. FSV Mainz 05 (29),1-0,1-0,Hertha BSC (29)
?,(Sat) 15 Apr 2017 (W15),RB Leipzig (29),4-0,2-0,SC Freiburg (29)
?,(Sat) 15 Apr 2017 (W15),VfL Wolfsburg (29),3-0,1-0,FC Ingolstadt 04 (29)
?,(Sun) 16 Apr 2017 (W15),SV Darmstadt 98 (29),2-1,1-0,FC Schalke 04 (29)
?,(Sun) 16 Apr 2017 (W15),Werder Bremen (29),2-1,1-1,Hamburger SV (29)
?,(Fri) 21 Apr 2017 (W16),1. FC Köln (30),1-1,0-0,TSG 1899 Hoffenheim (30)
?,(Sat) 22 Apr 2017 (W16),Bayern München (30),2-2,1-2,1. FSV Mainz 05 (30)
?,(Sat) 22 Apr 2017 (W16),Eintracht Frankfurt (30),3-1,0-1,FC Augsburg (30)
?,(Sat) 22 Apr 2017 (W16),Hamburger SV (30),1-2,0-0,SV Darmstadt 98 (30)
?,(Sat) 22 Apr 2017 (W16),Hertha BSC (30),1-0,0-0,VfL Wolfsburg (30)
?,(Sat) 22 Apr 2017 (W16),FC Ingolstadt 04 (30),2-4,1-1,Werder Bremen (30)
?,(Sat) 22 Apr 2017 (W16),Bor. Mönchengladbach (30),2-3,1-1,Borussia Dortmund (30)
?,(Sun) 23 Apr 2017 (W16),SC Freiburg (30),2-1,1-0,Bayer 04 Leverkusen (30)
?,(Sun) 23 Apr 2017 (W16),FC Schalke 04 (30),1-1,0-1,RB Leipzig (30)
?,(Fri) 28 Apr 2017 (W17),Bayer 04 Leverkusen (31),1-4,0-3,FC Schalke 04 (31)
?,(Sat) 29 Apr 2017 (W17),SV Darmstadt 98 (31),3-0,2-0,SC Freiburg (31)
?,(Sat) 29 Apr 2017 (W17),Borussia Dortmund (31),0-0,0-0,1. FC Köln (31)
?,(Sat) 29 Apr 2017 (W17),1. FSV Mainz 05 (31),1-2,0-1,Bor. Mönchengladbach (31)
?,(Sat) 29 Apr 2017 (W17),RB Leipzig (31),0-0,0-0,FC Ingolstadt 04 (31)
?,(Sat) 29 Apr 2017 (W17),Werder Bremen (31),2-0,2-0,Hertha BSC (31)
?,(Sat) 29 Apr 2017 (W17),VfL Wolfsburg (31),0-6,0-3,Bayern München (31)
?,(Sun) 30 Apr 2017 (W17),FC Augsburg (31),4-0,2-0,Hamburger SV (31)
?,(Sun) 30 Apr 2017 (W17),TSG 1899 Hoffenheim (31),1-0,0-0,Eintracht Frankfurt (31)
?,(Fri) 5 May 2017 (W18),1. FC Köln (32),4-3,3-2,Werder Bremen (32)
?,(Sat) 6 May 2017 (W18),Bayern München (32),1-0,1-0,SV Darmstadt 98 (32)
?,(Sat) 6 May 2017 (W18),Borussia Dortmund (32),2-1,1-0,TSG 1899 Hoffenheim (32)
?,(Sat) 6 May 2017 (W18),Eintracht Frankfurt (32),0-2,0-0,VfL Wolfsburg (32)
?,(Sat) 6 May 2017 (W18),Hertha BSC (32),1-4,0-1,RB Leipzig (32)
?,(Sat) 6 May 2017 (W18),FC Ingolstadt 04 (32),1-1,0-0,Bayer 04 Leverkusen (32)
?,(Sat) 6 May 2017 (W18),Bor. Mönchengladbach (32),1-1,0-0,FC Augsburg (32)
?,(Sun) 7 May 2017 (W18),SC Freiburg (32),2-0,2-0,FC Schalke 04 (32)
?,(Sun) 7 May 2017 (W18),Hamburger SV (32),0-0,0-0,1. FSV Mainz 05 (32)
?,(Sat) 13 May 2017 (W19),FC Augsburg (33),1-1,1-1,Borussia Dortmund (33)
?,(Sat) 13 May 2017 (W19),SV Darmstadt 98 (33),0-2,0-2,Hertha BSC (33)
?,(Sat) 13 May 2017 (W19),SC Freiburg (33),1-1,1-1,FC Ingolstadt 04 (33)
?,(Sat) 13 May 2017 (W19),Bayer 04 Leverkusen (33),2-2,0-1,1. FC Köln (33)
?,(Sat) 13 May 2017 (W19),1. FSV Mainz 05 (33),4-2,0-1,Eintracht Frankfurt (33)
?,(Sat) 13 May 2017 (W19),RB Leipzig (33),4-5,2-1,Bayern München (33)
?,(Sat) 13 May 2017 (W19),FC Schalke 04 (33),1-1,1-0,Hamburger SV (33)
?,(Sat) 13 May 2017 (W19),Werder Bremen (33),3-5,0-3,TSG 1899 Hoffenheim (33)
?,(Sat) 13 May 2017 (W19),VfL Wolfsburg (33),1-1,0-1,Bor. Mönchengladbach (33)
?,(Sat) 20 May 2017 (W20),Bayern München (34),4-1,1-0,SC Freiburg (34)
?,(Sat) 20 May 2017 (W20),Borussia Dortmund (34),4-3,2-1,Werder Bremen (34)
?,(Sat) 20 May 2017 (W20),Eintracht Frankfurt (34),2-2,0-1,RB Leipzig (34)
?,(Sat) 20 May 2017 (W20),1. FC Köln (34),2-0,1-0,1. FSV Mainz 05 (34)
?,(Sat) 20 May 2017 (W20),Hamburger SV (34),2-1,1-1,VfL Wolfsburg (34)
?,(Sat) 20 May 2017 (W20),Hertha BSC (34),2-6,0-3,Bayer 04 Leverkusen (34)
?,(Sat) 20 May 2017 (W20),TSG 1899 Hoffenheim (34),0-0,0-0,FC Augsburg (34)
?,(Sat) 20 May 2017 (W20),FC Ingolstadt 04 (34),1-1,1-1,FC Schalke 04 (34)
?,(Sat) 20 May 2017 (W20),Bor. Mönchengladbach (34),2-2,0-0,SV Darmstadt 98 (34)
