Round,Date,Team 1,FT,HT,Team 2
1,(Fri) 14 Aug 1992 (32),1. FC Kaiserslautern (1),1-0,1-0,1. FC Köln (1)
1,(Fri) 14 Aug 1992 (32),Bayer 04 Leverkusen (1),1-1,1-0,1. FC Saarbrücken (1)
1,(Fri) 14 Aug 1992 (32),1. FC Nürnberg (1),0-0,0-0,Werder Bremen (1)
1,(Sat) 15 Aug 1992 (32),Eintracht Frankfurt (1),1-1,0-1,Dynamo Dresden (1)
1,(Sat) 15 Aug 1992 (32),KFC Uerdingen (1),0-3,0-1,Bayern München (1)
1,(Sat) 15 Aug 1992 (32),FC Schalke 04 (1),3-4,1-1,SG Wattenscheid 09 (1)
1,(Sat) 15 Aug 1992 (32),VfL Bochum (1),2-2,2-1,Borussia Dortmund (1)
1,(Sat) 15 Aug 1992 (32),Karlsruher SC (1),4-2,1-2,Bor. Mönchengladbach (1)
1,(Sat) 15 Aug 1992 (32),Hamburger SV (1),1-1,0-0,VfB Stuttgart (1)
2,(Fri) 21 Aug 1992 (33),SG Wattenscheid 09 (2),1-1,1-0,KFC Uerdingen (2)
2,(Fri) 21 Aug 1992 (33),Dynamo Dresden (2),1-1,1-0,Hamburger SV (2)
2,(Sat) 22 Aug 1992 (33),Bor. Mönchengladbach (2),1-1,1-1,VfL Bochum (2)
2,(Sat) 22 Aug 1992 (33),VfB Stuttgart (2),3-0,2-0,1. FC Nürnberg (2)
2,(Sat) 22 Aug 1992 (33),1. FC Saarbrücken (2),2-0,1-0,Karlsruher SC (2)
2,(Sat) 22 Aug 1992 (33),Borussia Dortmund (2),0-2,0-1,FC Schalke 04 (2)
2,(Sat) 22 Aug 1992 (33),Bayern München (2),1-0,1-0,1. FC Kaiserslautern (2)
2,(Sat) 22 Aug 1992 (33),1. FC Köln (2),0-1,0-1,Eintracht Frankfurt (2)
2,(Sat) 22 Aug 1992 (33),Werder Bremen (2),1-1,1-1,Bayer 04 Leverkusen (2)
3,(Tue) 25 Aug 1992 (34),KFC Uerdingen (3),0-2,0-1,Borussia Dortmund (3)
3,(Tue) 25 Aug 1992 (34),FC Schalke 04 (3),1-2,0-1,Bor. Mönchengladbach (3)
3,(Tue) 25 Aug 1992 (34),Bayer 04 Leverkusen (3),4-0,2-0,VfB Stuttgart (3)
3,(Tue) 25 Aug 1992 (34),Hamburger SV (3),0-1,0-0,1. FC Nürnberg (3)
3,(Wed) 26 Aug 1992 (34),1. FC Kaiserslautern (3),4-1,2-0,SG Wattenscheid 09 (3)
3,(Wed) 26 Aug 1992 (34),VfL Bochum (3),4-0,1-0,1. FC Saarbrücken (3)
3,(Wed) 26 Aug 1992 (34),Karlsruher SC (3),5-2,2-2,Werder Bremen (3)
3,(Wed) 26 Aug 1992 (34),Dynamo Dresden (3),3-0,2-0,1. FC Köln (3)
3,(Tue) 27 Oct 1992 (43),Eintracht Frankfurt (3),1-1,1-0,Bayern München (3)
4,(Fri) 28 Aug 1992 (34),Bor. Mönchengladbach (4),0-4,0-3,KFC Uerdingen (4)
4,(Fri) 28 Aug 1992 (34),1. FC Nürnberg (4),0-1,0-1,Bayer 04 Leverkusen (4)
4,(Sat) 29 Aug 1992 (34),VfB Stuttgart (4),2-1,0-0,Karlsruher SC (4)
4,(Sat) 29 Aug 1992 (34),1. FC Saarbrücken (4),1-3,1-0,FC Schalke 04 (4)
4,(Sat) 29 Aug 1992 (34),Borussia Dortmund (4),1-0,0-0,1. FC Kaiserslautern (4)
4,(Sat) 29 Aug 1992 (34),SG Wattenscheid 09 (4),1-2,1-0,Eintracht Frankfurt (4)
4,(Sat) 29 Aug 1992 (34),Bayern München (4),3-1,0-0,Dynamo Dresden (4)
4,(Sat) 29 Aug 1992 (34),1. FC Köln (4),2-2,1-0,Hamburger SV (4)
4,(Sat) 29 Aug 1992 (34),Werder Bremen (4),3-1,3-1,VfL Bochum (4)
5,(Tue) 1 Sep 1992 (35),Eintracht Frankfurt (5),4-1,1-1,Borussia Dortmund (5)
5,(Tue) 1 Sep 1992 (35),1. FC Kaiserslautern (5),0-0,0-0,Bor. Mönchengladbach (5)
5,(Tue) 1 Sep 1992 (35),FC Schalke 04 (5),0-0,0-0,Werder Bremen (5)
5,(Tue) 1 Sep 1992 (35),Karlsruher SC (5),1-1,0-1,1. FC Nürnberg (5)
5,(Tue) 1 Sep 1992 (35),Dynamo Dresden (5),2-1,2-1,SG Wattenscheid 09 (5)
5,(Wed) 2 Sep 1992 (35),KFC Uerdingen (5),1-1,0-0,1. FC Saarbrücken (5)
5,(Wed) 2 Sep 1992 (35),VfL Bochum (5),0-0,0-0,VfB Stuttgart (5)
5,(Wed) 2 Sep 1992 (35),1. FC Köln (5),1-3,0-2,Bayern München (5)
5,(Wed) 2 Sep 1992 (35),Hamburger SV (5),0-0,0-0,Bayer 04 Leverkusen (5)
6,(Fri) 4 Sep 1992 (35),Bor. Mönchengladbach (6),3-3,1-2,Eintracht Frankfurt (6)
6,(Fri) 4 Sep 1992 (35),Borussia Dortmund (6),3-0,3-0,Dynamo Dresden (6)
6,(Sat) 5 Sep 1992 (35),VfB Stuttgart (6),1-0,0-0,FC Schalke 04 (6)
6,(Sat) 5 Sep 1992 (35),1. FC Saarbrücken (6),2-0,0-0,1. FC Kaiserslautern (6)
6,(Sat) 5 Sep 1992 (35),SG Wattenscheid 09 (6),4-2,1-1,1. FC Köln (6)
6,(Sat) 5 Sep 1992 (35),Bayern München (6),4-0,0-0,Hamburger SV (6)
6,(Sat) 5 Sep 1992 (35),Bayer 04 Leverkusen (6),5-1,2-1,Karlsruher SC (6)
6,(Sat) 5 Sep 1992 (35),1. FC Nürnberg (6),2-1,0-0,VfL Bochum (6)
6,(Sat) 5 Sep 1992 (35),Werder Bremen (6),2-1,1-0,KFC Uerdingen (6)
7,(Fri) 18 Sep 1992 (37),VfL Bochum (7),2-2,1-2,Bayer 04 Leverkusen (7)
7,(Fri) 18 Sep 1992 (37),Dynamo Dresden (7),1-0,0-0,Bor. Mönchengladbach (7)
7,(Fri) 18 Sep 1992 (37),Hamburger SV (7),1-2,0-0,Karlsruher SC (7)
7,(Sat) 19 Sep 1992 (37),Eintracht Frankfurt (7),1-1,1-0,1. FC Saarbrücken (7)
7,(Sat) 19 Sep 1992 (37),1. FC Kaiserslautern (7),3-1,2-0,Werder Bremen (7)
7,(Sat) 19 Sep 1992 (37),KFC Uerdingen (7),3-3,0-2,VfB Stuttgart (7)
7,(Sat) 19 Sep 1992 (37),FC Schalke 04 (7),0-0,0-0,1. FC Nürnberg (7)
7,(Sat) 19 Sep 1992 (37),Bayern München (7),1-1,1-0,SG Wattenscheid 09 (7)
7,(Sat) 19 Sep 1992 (37),1. FC Köln (7),0-1,0-1,Borussia Dortmund (7)
8,(Fri) 25 Sep 1992 (38),1. FC Saarbrücken (8),1-1,0-1,Dynamo Dresden (8)
8,(Fri) 25 Sep 1992 (38),Borussia Dortmund (8),1-2,0-1,Bayern München (8)
8,(Sat) 26 Sep 1992 (38),VfB Stuttgart (8),3-1,1-0,1. FC Kaiserslautern (8)
8,(Sat) 26 Sep 1992 (38),Bor. Mönchengladbach (8),1-2,1-1,1. FC Köln (8)
8,(Sat) 26 Sep 1992 (38),SG Wattenscheid 09 (8),2-2,1-0,Hamburger SV (8)
8,(Sat) 26 Sep 1992 (38),Karlsruher SC (8),1-0,1-0,VfL Bochum (8)
8,(Sat) 26 Sep 1992 (38),Bayer 04 Leverkusen (8),6-1,2-0,FC Schalke 04 (8)
8,(Sat) 26 Sep 1992 (38),1. FC Nürnberg (8),2-0,0-0,KFC Uerdingen (8)
8,(Sat) 26 Sep 1992 (38),Werder Bremen (8),0-0,0-0,Eintracht Frankfurt (8)
9,(Fri) 2 Oct 1992 (39),KFC Uerdingen (9),2-1,1-0,Bayer 04 Leverkusen (9)
9,(Fri) 2 Oct 1992 (39),FC Schalke 04 (9),2-2,1-1,Karlsruher SC (9)
9,(Fri) 2 Oct 1992 (39),Hamburger SV (9),2-0,1-0,VfL Bochum (9)
9,(Sat) 3 Oct 1992 (39),1. FC Kaiserslautern (9),2-0,1-0,1. FC Nürnberg (9)
9,(Sat) 3 Oct 1992 (39),SG Wattenscheid 09 (9),1-3,1-2,Borussia Dortmund (9)
9,(Sat) 3 Oct 1992 (39),Bayern München (9),2-2,0-1,Bor. Mönchengladbach (9)
9,(Sat) 3 Oct 1992 (39),1. FC Köln (9),4-2,2-1,1. FC Saarbrücken (9)
9,(Sat) 3 Oct 1992 (39),Dynamo Dresden (9),2-3,0-2,Werder Bremen (9)
9,(Sun) 4 Oct 1992 (39),Eintracht Frankfurt (9),4-0,1-0,VfB Stuttgart (9)
10,(Fri) 16 Oct 1992 (41),Bor. Mönchengladbach (10),4-1,2-0,SG Wattenscheid 09 (10)
10,(Fri) 16 Oct 1992 (41),VfL Bochum (10),0-1,0-1,FC Schalke 04 (10)
10,(Fri) 16 Oct 1992 (41),Karlsruher SC (10),4-0,1-0,KFC Uerdingen (10)
10,(Sat) 17 Oct 1992 (41),VfB Stuttgart (10),4-0,1-0,Dynamo Dresden (10)
10,(Sat) 17 Oct 1992 (41),1. FC Saarbrücken (10),1-1,1-0,Bayern München (10)
10,(Sat) 17 Oct 1992 (41),Borussia Dortmund (10),3-1,0-1,Hamburger SV (10)
10,(Sat) 17 Oct 1992 (41),Bayer 04 Leverkusen (10),2-0,1-0,1. FC Kaiserslautern (10)
10,(Sat) 17 Oct 1992 (41),1. FC Nürnberg (10),1-2,1-2,Eintracht Frankfurt (10)
10,(Sat) 17 Oct 1992 (41),Werder Bremen (10),2-0,1-0,1. FC Köln (10)
11,(Fri) 23 Oct 1992 (42),SG Wattenscheid 09 (11),3-1,2-0,1. FC Saarbrücken (11)
11,(Fri) 23 Oct 1992 (42),Dynamo Dresden (11),1-2,0-1,1. FC Nürnberg (11)
11,(Fri) 23 Oct 1992 (42),Hamburger SV (11),1-2,0-0,FC Schalke 04 (11)
11,(Sat) 24 Oct 1992 (42),Eintracht Frankfurt (11),2-2,2-2,Bayer 04 Leverkusen (11)
11,(Sat) 24 Oct 1992 (42),1. FC Kaiserslautern (11),2-3,1-2,Karlsruher SC (11)
11,(Sat) 24 Oct 1992 (42),KFC Uerdingen (11),2-1,1-1,VfL Bochum (11)
11,(Sat) 24 Oct 1992 (42),Borussia Dortmund (11),4-1,3-1,Bor. Mönchengladbach (11)
11,(Sat) 24 Oct 1992 (42),Bayern München (11),1-3,0-1,Werder Bremen (11)
11,(Sat) 24 Oct 1992 (42),1. FC Köln (11),3-1,2-0,VfB Stuttgart (11)
12,(Fri) 30 Oct 1992 (43),FC Schalke 04 (12),1-1,0-1,KFC Uerdingen (12)
12,(Fri) 30 Oct 1992 (43),Bayer 04 Leverkusen (12),0-0,0-0,Dynamo Dresden (12)
12,(Fri) 30 Oct 1992 (43),Werder Bremen (12),3-0,2-0,SG Wattenscheid 09 (12)
12,(Sat) 31 Oct 1992 (43),VfB Stuttgart (12),2-3,0-0,Bayern München (12)
12,(Sat) 31 Oct 1992 (43),1. FC Saarbrücken (12),3-1,2-1,Borussia Dortmund (12)
12,(Sat) 31 Oct 1992 (43),Bor. Mönchengladbach (12),0-0,0-0,Hamburger SV (12)
12,(Sat) 31 Oct 1992 (43),VfL Bochum (12),1-3,1-0,1. FC Kaiserslautern (12)
12,(Sat) 31 Oct 1992 (43),1. FC Nürnberg (12),2-1,1-1,1. FC Köln (12)
12,(Sun) 1 Nov 1992 (43),Karlsruher SC (12),4-1,1-1,Eintracht Frankfurt (12)
13,(Fri) 13 Nov 1992 (45),1. FC Kaiserslautern (13),3-0,1-0,FC Schalke 04 (13)
13,(Fri) 13 Nov 1992 (45),Borussia Dortmund (13),2-2,2-1,Werder Bremen (13)
13,(Fri) 13 Nov 1992 (45),Dynamo Dresden (13),3-0,1-0,Karlsruher SC (13)
13,(Sat) 14 Nov 1992 (45),Eintracht Frankfurt (13),4-1,1-1,VfL Bochum (13)
13,(Sat) 14 Nov 1992 (45),Bor. Mönchengladbach (13),2-5,0-2,1. FC Saarbrücken (13)
13,(Sat) 14 Nov 1992 (45),SG Wattenscheid 09 (13),0-0,0-0,VfB Stuttgart (13)
13,(Sat) 14 Nov 1992 (45),Bayern München (13),1-0,0-0,1. FC Nürnberg (13)
13,(Sat) 14 Nov 1992 (45),1. FC Köln (13),1-0,1-0,Bayer 04 Leverkusen (13)
13,(Sat) 14 Nov 1992 (45),Hamburger SV (13),3-0,3-0,KFC Uerdingen (13)
14,(Fri) 20 Nov 1992 (46),1. FC Saarbrücken (14),0-3,0-1,Hamburger SV (14)
14,(Fri) 20 Nov 1992 (46),VfL Bochum (14),2-2,0-2,Dynamo Dresden (14)
14,(Fri) 20 Nov 1992 (46),1. FC Nürnberg (14),2-1,0-1,SG Wattenscheid 09 (14)
14,(Sat) 21 Nov 1992 (46),VfB Stuttgart (14),1-0,0-0,Borussia Dortmund (14)
14,(Sat) 21 Nov 1992 (46),KFC Uerdingen (14),0-5,0-3,1. FC Kaiserslautern (14)
14,(Sat) 21 Nov 1992 (46),FC Schalke 04 (14),0-0,0-0,Eintracht Frankfurt (14)
14,(Sat) 21 Nov 1992 (46),Karlsruher SC (14),3-1,2-0,1. FC Köln (14)
14,(Sat) 21 Nov 1992 (46),Bayer 04 Leverkusen (14),2-4,1-0,Bayern München (14)
14,(Sat) 21 Nov 1992 (46),Werder Bremen (14),2-0,0-0,Bor. Mönchengladbach (14)
15,(Fri) 27 Nov 1992 (47),SG Wattenscheid 09 (15),1-3,0-1,Bayer 04 Leverkusen (15)
15,(Fri) 27 Nov 1992 (47),Dynamo Dresden (15),1-0,1-0,FC Schalke 04 (15)
15,(Fri) 27 Nov 1992 (47),Werder Bremen (15),2-0,0-0,1. FC Saarbrücken (15)
15,(Sat) 28 Nov 1992 (47),Eintracht Frankfurt (15),1-0,1-0,KFC Uerdingen (15)
15,(Sat) 28 Nov 1992 (47),1. FC Kaiserslautern (15),2-2,2-0,Hamburger SV (15)
15,(Sat) 28 Nov 1992 (47),Bor. Mönchengladbach (15),1-1,0-0,VfB Stuttgart (15)
15,(Sat) 28 Nov 1992 (47),Borussia Dortmund (15),4-2,0-1,1. FC Nürnberg (15)
15,(Sat) 28 Nov 1992 (47),Bayern München (15),3-3,2-2,Karlsruher SC (15)
15,(Sat) 28 Nov 1992 (47),1. FC Köln (15),1-0,1-0,VfL Bochum (15)
16,(Fri) 4 Dec 1992 (48),KFC Uerdingen (16),1-1,1-0,Dynamo Dresden (16)
16,(Fri) 4 Dec 1992 (48),Hamburger SV (16),0-0,0-0,Werder Bremen (16)
16,(Sat) 5 Dec 1992 (48),VfB Stuttgart (16),2-2,2-1,1. FC Saarbrücken (16)
16,(Sat) 5 Dec 1992 (48),1. FC Kaiserslautern (16),0-2,0-1,Eintracht Frankfurt (16)
16,(Sat) 5 Dec 1992 (48),VfL Bochum (16),2-2,1-0,Bayern München (16)
16,(Sat) 5 Dec 1992 (48),Karlsruher SC (16),2-1,1-0,SG Wattenscheid 09 (16)
16,(Sat) 5 Dec 1992 (48),Bayer 04 Leverkusen (16),3-3,1-2,Borussia Dortmund (16)
16,(Sat) 5 Dec 1992 (48),1. FC Nürnberg (16),0-1,0-0,Bor. Mönchengladbach (16)
16,(Sun) 6 Dec 1992 (48),FC Schalke 04 (16),1-0,1-0,1. FC Köln (16)
17,(Fri) 11 Dec 1992 (49),SG Wattenscheid 09 (17),2-0,2-0,VfL Bochum (17)
17,(Fri) 11 Dec 1992 (49),1. FC Saarbrücken (17),0-1,0-0,1. FC Nürnberg (17)
17,(Fri) 11 Dec 1992 (49),Bor. Mönchengladbach (17),2-2,1-2,Bayer 04 Leverkusen (17)
17,(Sat) 12 Dec 1992 (49),Eintracht Frankfurt (17),3-3,3-1,Hamburger SV (17)
17,(Sat) 12 Dec 1992 (49),Borussia Dortmund (17),3-1,2-0,Karlsruher SC (17)
17,(Sat) 12 Dec 1992 (49),Bayern München (17),1-1,0-0,FC Schalke 04 (17)
17,(Sat) 12 Dec 1992 (49),1. FC Köln (17),5-0,3-0,KFC Uerdingen (17)
17,(Sat) 12 Dec 1992 (49),Dynamo Dresden (17),1-3,1-2,1. FC Kaiserslautern (17)
17,(Sat) 12 Dec 1992 (49),Werder Bremen (17),1-1,1-0,VfB Stuttgart (17)
18,(Fri) 19 Feb 1993 (7),SG Wattenscheid 09 (18),0-0,0-0,FC Schalke 04 (18)
18,(Fri) 19 Feb 1993 (7),1. FC Köln (18),0-3,0-1,1. FC Kaiserslautern (18)
18,(Fri) 19 Feb 1993 (7),Werder Bremen (18),3-0,0-0,1. FC Nürnberg (18)
18,(Sat) 20 Feb 1993 (7),Dynamo Dresden (18),0-2,0-0,Eintracht Frankfurt (18)
18,(Sat) 20 Feb 1993 (7),Bayern München (18),2-0,1-0,KFC Uerdingen (18)
18,(Sat) 20 Feb 1993 (7),Borussia Dortmund (18),1-0,0-0,VfL Bochum (18)
18,(Sat) 20 Feb 1993 (7),Bor. Mönchengladbach (18),3-1,2-0,Karlsruher SC (18)
18,(Sat) 20 Feb 1993 (7),1. FC Saarbrücken (18),3-1,1-0,Bayer 04 Leverkusen (18)
18,(Sat) 20 Feb 1993 (7),VfB Stuttgart (18),1-1,1-1,Hamburger SV (18)
19,(Fri) 26 Feb 1993 (8),VfL Bochum (19),2-1,1-0,Bor. Mönchengladbach (19)
19,(Sat) 27 Feb 1993 (8),1. FC Nürnberg (19),3-2,0-2,VfB Stuttgart (19)
19,(Sat) 27 Feb 1993 (8),Karlsruher SC (19),2-2,2-1,1. FC Saarbrücken (19)
19,(Sat) 27 Feb 1993 (8),FC Schalke 04 (19),0-0,0-0,Borussia Dortmund (19)
19,(Sat) 27 Feb 1993 (8),KFC Uerdingen (19),1-1,1-1,SG Wattenscheid 09 (19)
19,(Sat) 27 Feb 1993 (8),1. FC Kaiserslautern (19),1-3,0-1,Bayern München (19)
19,(Sat) 27 Feb 1993 (8),Eintracht Frankfurt (19),2-1,2-0,1. FC Köln (19)
19,(Sat) 27 Feb 1993 (8),Bayer 04 Leverkusen (19),2-2,0-1,Werder Bremen (19)
19,(Sun) 28 Feb 1993 (8),Hamburger SV (19),1-1,0-1,Dynamo Dresden (19)
20,(Fri) 5 Mar 1993 (9),Werder Bremen (20),3-0,2-0,Karlsruher SC (20)
20,(Fri) 5 Mar 1993 (9),1. FC Nürnberg (20),1-0,0-0,Hamburger SV (20)
20,(Sat) 6 Mar 1993 (9),Bayern München (20),1-0,1-0,Eintracht Frankfurt (20)
20,(Sat) 6 Mar 1993 (9),SG Wattenscheid 09 (20),1-0,0-0,1. FC Kaiserslautern (20)
20,(Sat) 6 Mar 1993 (9),Borussia Dortmund (20),2-0,1-0,KFC Uerdingen (20)
20,(Sat) 6 Mar 1993 (9),Bor. Mönchengladbach (20),2-0,2-0,FC Schalke 04 (20)
20,(Sat) 6 Mar 1993 (9),1. FC Saarbrücken (20),1-1,0-1,VfL Bochum (20)
20,(Sat) 6 Mar 1993 (9),VfB Stuttgart (20),0-3,0-2,Bayer 04 Leverkusen (20)
20,(Sat) 6 Mar 1993 (9),1. FC Köln (20),3-1,1-0,Dynamo Dresden (20)
21,(Fri) 12 Mar 1993 (10),FC Schalke 04 (21),2-2,1-1,1. FC Saarbrücken (21)
21,(Fri) 12 Mar 1993 (10),1. FC Kaiserslautern (21),0-0,0-0,Borussia Dortmund (21)
21,(Fri) 12 Mar 1993 (10),Hamburger SV (21),3-0,1-0,1. FC Köln (21)
21,(Sat) 13 Mar 1993 (10),Karlsruher SC (21),1-1,1-0,VfB Stuttgart (21)
21,(Sat) 13 Mar 1993 (10),KFC Uerdingen (21),1-3,1-2,Bor. Mönchengladbach (21)
21,(Sat) 13 Mar 1993 (10),Eintracht Frankfurt (21),4-1,2-1,SG Wattenscheid 09 (21)
21,(Sat) 13 Mar 1993 (10),Dynamo Dresden (21),0-0,0-0,Bayern München (21)
21,(Sat) 13 Mar 1993 (10),Bayer 04 Leverkusen (21),2-1,1-0,1. FC Nürnberg (21)
21,(Sat) 13 Mar 1993 (10),VfL Bochum (21),2-0,2-0,Werder Bremen (21)
22,(Fri) 19 Mar 1993 (11),1. FC Saarbrücken (22),3-3,2-2,KFC Uerdingen (22)
22,(Fri) 19 Mar 1993 (11),SG Wattenscheid 09 (22),2-1,2-1,Dynamo Dresden (22)
22,(Fri) 19 Mar 1993 (11),1. FC Nürnberg (22),0-0,0-0,Karlsruher SC (22)
22,(Sat) 20 Mar 1993 (11),Bor. Mönchengladbach (22),2-2,2-2,1. FC Kaiserslautern (22)
22,(Sat) 20 Mar 1993 (11),Werder Bremen (22),2-0,2-0,FC Schalke 04 (22)
22,(Sat) 20 Mar 1993 (11),VfB Stuttgart (22),4-1,2-0,VfL Bochum (22)
22,(Sat) 20 Mar 1993 (11),Bayern München (22),3-0,1-0,1. FC Köln (22)
22,(Sat) 20 Mar 1993 (11),Bayer 04 Leverkusen (22),1-1,1-1,Hamburger SV (22)
22,(Sun) 21 Mar 1993 (11),Borussia Dortmund (22),3-0,0-0,Eintracht Frankfurt (22)
23,(Fri) 26 Mar 1993 (12),VfL Bochum (23),4-0,3-0,1. FC Nürnberg (23)
23,(Fri) 26 Mar 1993 (12),KFC Uerdingen (23),0-2,0-1,Werder Bremen (23)
23,(Sat) 27 Mar 1993 (12),FC Schalke 04 (23),1-0,1-0,VfB Stuttgart (23)
23,(Sat) 27 Mar 1993 (12),1. FC Kaiserslautern (23),1-1,0-1,1. FC Saarbrücken (23)
23,(Sat) 27 Mar 1993 (12),Eintracht Frankfurt (23),1-3,0-0,Bor. Mönchengladbach (23)
23,(Sat) 27 Mar 1993 (12),Dynamo Dresden (23),3-0,1-0,Borussia Dortmund (23)
23,(Sat) 27 Mar 1993 (12),1. FC Köln (23),3-0,0-0,SG Wattenscheid 09 (23)
23,(Sat) 27 Mar 1993 (12),Karlsruher SC (23),1-1,1-1,Bayer 04 Leverkusen (23)
23,(Sun) 28 Mar 1993 (12),Hamburger SV (23),3-1,1-0,Bayern München (23)
24,(Fri) 2 Apr 1993 (13),1. FC Saarbrücken (24),0-0,0-0,Eintracht Frankfurt (24)
24,(Fri) 2 Apr 1993 (13),SG Wattenscheid 09 (24),2-0,0-0,Bayern München (24)
24,(Fri) 2 Apr 1993 (13),Bor. Mönchengladbach (24),5-1,1-1,Dynamo Dresden (24)
24,(Sat) 3 Apr 1993 (13),Werder Bremen (24),1-0,1-0,1. FC Kaiserslautern (24)
24,(Sat) 3 Apr 1993 (13),VfB Stuttgart (24),1-2,1-1,KFC Uerdingen (24)
24,(Sat) 3 Apr 1993 (13),1. FC Nürnberg (24),1-4,1-2,FC Schalke 04 (24)
24,(Sat) 3 Apr 1993 (13),Bayer 04 Leverkusen (24),3-1,0-1,VfL Bochum (24)
24,(Sat) 3 Apr 1993 (13),Borussia Dortmund (24),4-1,1-0,1. FC Köln (24)
24,(Sat) 3 Apr 1993 (13),Karlsruher SC (24),1-0,0-0,Hamburger SV (24)
25,(Thu) 8 Apr 1993 (14),1. FC Kaiserslautern (25),0-0,0-0,VfB Stuttgart (25)
25,(Thu) 8 Apr 1993 (14),FC Schalke 04 (25),2-1,2-0,Bayer 04 Leverkusen (25)
25,(Thu) 8 Apr 1993 (14),KFC Uerdingen (25),2-1,1-1,1. FC Nürnberg (25)
25,(Sat) 10 Apr 1993 (14),Dynamo Dresden (25),0-0,0-0,1. FC Saarbrücken (25)
25,(Sat) 10 Apr 1993 (14),1. FC Köln (25),1-2,0-0,Bor. Mönchengladbach (25)
25,(Sat) 10 Apr 1993 (14),Bayern München (25),2-0,0-0,Borussia Dortmund (25)
25,(Sat) 10 Apr 1993 (14),Hamburger SV (25),1-1,1-0,SG Wattenscheid 09 (25)
25,(Sat) 10 Apr 1993 (14),VfL Bochum (25),2-2,2-2,Karlsruher SC (25)
25,(Sat) 10 Apr 1993 (14),Eintracht Frankfurt (25),3-0,1-0,Werder Bremen (25)
26,(Fri) 16 Apr 1993 (15),1. FC Nürnberg (26),0-0,0-0,1. FC Kaiserslautern (26)
26,(Fri) 16 Apr 1993 (15),Borussia Dortmund (26),6-0,1-0,SG Wattenscheid 09 (26)
26,(Fri) 16 Apr 1993 (15),Werder Bremen (26),3-0,2-0,Dynamo Dresden (26)
26,(Fri) 16 Apr 1993 (15),VfL Bochum (26),1-2,0-1,Hamburger SV (26)
26,(Sat) 17 Apr 1993 (15),VfB Stuttgart (26),2-2,1-1,Eintracht Frankfurt (26)
26,(Sat) 17 Apr 1993 (15),Bayer 04 Leverkusen (26),1-0,1-0,KFC Uerdingen (26)
26,(Sat) 17 Apr 1993 (15),Karlsruher SC (26),0-0,0-0,FC Schalke 04 (26)
26,(Sat) 17 Apr 1993 (15),Bor. Mönchengladbach (26),2-2,0-2,Bayern München (26)
26,(Sat) 17 Apr 1993 (15),1. FC Saarbrücken (26),0-3,0-1,1. FC Köln (26)
27,(Fri) 23 Apr 1993 (16),SG Wattenscheid 09 (27),3-1,2-0,Bor. Mönchengladbach (27)
27,(Fri) 23 Apr 1993 (16),Bayern München (27),6-0,4-0,1. FC Saarbrücken (27)
27,(Fri) 23 Apr 1993 (16),1. FC Köln (27),0-0,0-0,Werder Bremen (27)
27,(Sat) 24 Apr 1993 (16),Dynamo Dresden (27),0-0,0-0,VfB Stuttgart (27)
27,(Sat) 24 Apr 1993 (16),Hamburger SV (27),1-2,0-0,Borussia Dortmund (27)
27,(Sat) 24 Apr 1993 (16),FC Schalke 04 (27),0-3,0-2,VfL Bochum (27)
27,(Sat) 24 Apr 1993 (16),KFC Uerdingen (27),1-1,0-1,Karlsruher SC (27)
27,(Sat) 24 Apr 1993 (16),1. FC Kaiserslautern (27),4-0,2-0,Bayer 04 Leverkusen (27)
27,(Sat) 24 Apr 1993 (16),Eintracht Frankfurt (27),0-0,0-0,1. FC Nürnberg (27)
28,(Mon) 26 Apr 1993 (17),Werder Bremen (28),4-1,1-1,Bayern München (28)
28,(Tue) 27 Apr 1993 (17),VfB Stuttgart (28),2-0,0-0,1. FC Köln (28)
28,(Tue) 27 Apr 1993 (17),1. FC Saarbrücken (28),0-1,0-1,SG Wattenscheid 09 (28)
28,(Tue) 27 Apr 1993 (17),Bayer 04 Leverkusen (28),1-1,1-0,Eintracht Frankfurt (28)
28,(Tue) 27 Apr 1993 (17),Karlsruher SC (28),1-1,1-1,1. FC Kaiserslautern (28)
28,(Tue) 27 Apr 1993 (17),VfL Bochum (28),4-1,1-1,KFC Uerdingen (28)
28,(Tue) 27 Apr 1993 (17),Bor. Mönchengladbach (28),0-3,0-2,Borussia Dortmund (28)
28,(Wed) 28 Apr 1993 (17),1. FC Nürnberg (28),0-0,0-0,Dynamo Dresden (28)
28,(Wed) 28 Apr 1993 (17),FC Schalke 04 (28),0-0,0-0,Hamburger SV (28)
29,(Fri) 30 Apr 1993 (17),Bayern München (29),5-3,2-2,VfB Stuttgart (29)
29,(Fri) 30 Apr 1993 (17),Borussia Dortmund (29),3-0,2-0,1. FC Saarbrücken (29)
29,(Fri) 30 Apr 1993 (17),Eintracht Frankfurt (29),4-1,3-0,Karlsruher SC (29)
29,(Sat) 1 May 1993 (17),Hamburger SV (29),0-2,0-1,Bor. Mönchengladbach (29)
29,(Sat) 1 May 1993 (17),KFC Uerdingen (29),4-2,2-0,FC Schalke 04 (29)
29,(Sat) 1 May 1993 (17),1. FC Kaiserslautern (29),3-1,3-0,VfL Bochum (29)
29,(Sat) 1 May 1993 (17),Dynamo Dresden (29),2-0,1-0,Bayer 04 Leverkusen (29)
29,(Sat) 1 May 1993 (17),1. FC Köln (29),2-0,0-0,1. FC Nürnberg (29)
29,(Sat) 1 May 1993 (17),SG Wattenscheid 09 (29),2-2,1-1,Werder Bremen (29)
30,(Fri) 7 May 1993 (18),FC Schalke 04 (30),4-0,0-0,1. FC Kaiserslautern (30)
30,(Fri) 7 May 1993 (18),Karlsruher SC (30),3-1,0-0,Dynamo Dresden (30)
30,(Fri) 7 May 1993 (18),KFC Uerdingen (30),0-2,0-1,Hamburger SV (30)
30,(Sat) 8 May 1993 (18),VfL Bochum (30),1-0,0-0,Eintracht Frankfurt (30)
30,(Sat) 8 May 1993 (18),1. FC Saarbrücken (30),0-4,0-1,Bor. Mönchengladbach (30)
30,(Sat) 8 May 1993 (18),VfB Stuttgart (30),4-1,1-0,SG Wattenscheid 09 (30)
30,(Sat) 8 May 1993 (18),1. FC Nürnberg (30),0-0,0-0,Bayern München (30)
30,(Sat) 8 May 1993 (18),Bayer 04 Leverkusen (30),3-0,1-0,1. FC Köln (30)
30,(Sun) 9 May 1993 (18),Werder Bremen (30),1-0,1-0,Borussia Dortmund (30)
31,(Fri) 14 May 1993 (19),Borussia Dortmund (31),0-4,0-2,VfB Stuttgart (31)
31,(Fri) 14 May 1993 (19),1. FC Kaiserslautern (31),2-1,0-1,KFC Uerdingen (31)
31,(Fri) 14 May 1993 (19),Bor. Mönchengladbach (31),3-1,1-0,Werder Bremen (31)
31,(Sat) 15 May 1993 (19),Hamburger SV (31),2-0,0-0,1. FC Saarbrücken (31)
31,(Sat) 15 May 1993 (19),Eintracht Frankfurt (31),0-3,0-0,FC Schalke 04 (31)
31,(Sat) 15 May 1993 (19),Dynamo Dresden (31),0-0,0-0,VfL Bochum (31)
31,(Sat) 15 May 1993 (19),1. FC Köln (31),2-0,0-0,Karlsruher SC (31)
31,(Sat) 15 May 1993 (19),Bayern München (31),4-1,2-0,Bayer 04 Leverkusen (31)
31,(Sat) 15 May 1993 (19),SG Wattenscheid 09 (31),4-1,0-0,1. FC Nürnberg (31)
32,(Fri) 21 May 1993 (20),Hamburger SV (32),2-2,2-0,1. FC Kaiserslautern (32)
32,(Fri) 21 May 1993 (20),FC Schalke 04 (32),2-0,1-0,Dynamo Dresden (32)
32,(Fri) 21 May 1993 (20),1. FC Saarbrücken (32),0-4,0-2,Werder Bremen (32)
32,(Sat) 22 May 1993 (20),KFC Uerdingen (32),2-0,1-3,Eintracht Frankfurt (32)
32,(Sat) 22 May 1993 (20),VfB Stuttgart (32),3-2,2-1,Bor. Mönchengladbach (32)
32,(Sat) 22 May 1993 (20),1. FC Nürnberg (32),1-2,1-0,Borussia Dortmund (32)
32,(Sat) 22 May 1993 (20),Bayer 04 Leverkusen (32),3-1,1-0,SG Wattenscheid 09 (32)
32,(Sat) 22 May 1993 (20),VfL Bochum (32),0-0,0-0,1. FC Köln (32)
32,(Sun) 23 May 1993 (20),Karlsruher SC (32),4-2,3-0,Bayern München (32)
33,(Sat) 29 May 1993 (21),1. FC Saarbrücken (33),1-4,0-1,VfB Stuttgart (33)
33,(Sat) 29 May 1993 (21),Eintracht Frankfurt (33),3-0,1-0,1. FC Kaiserslautern (33)
33,(Sat) 29 May 1993 (21),Dynamo Dresden (33),1-1,1-1,KFC Uerdingen (33)
33,(Sat) 29 May 1993 (21),1. FC Köln (33),2-1,1-0,FC Schalke 04 (33)
33,(Sat) 29 May 1993 (21),Bayern München (33),3-1,3-0,VfL Bochum (33)
33,(Sat) 29 May 1993 (21),SG Wattenscheid 09 (33),0-2,0-1,Karlsruher SC (33)
33,(Sat) 29 May 1993 (21),Borussia Dortmund (33),1-2,0-1,Bayer 04 Leverkusen (33)
33,(Sat) 29 May 1993 (21),Bor. Mönchengladbach (33),2-1,0-0,1. FC Nürnberg (33)
33,(Sat) 29 May 1993 (21),Werder Bremen (33),5-0,2-0,Hamburger SV (33)
34,(Sat) 5 Jun 1993 (22),Hamburger SV (34),1-2,0-1,Eintracht Frankfurt (34)
34,(Sat) 5 Jun 1993 (22),1. FC Nürnberg (34),4-1,3-1,1. FC Saarbrücken (34)
34,(Sat) 5 Jun 1993 (22),Bayer 04 Leverkusen (34),4-0,1-0,Bor. Mönchengladbach (34)
34,(Sat) 5 Jun 1993 (22),Karlsruher SC (34),3-0,2-0,Borussia Dortmund (34)
34,(Sat) 5 Jun 1993 (22),VfL Bochum (34),3-1,2-0,SG Wattenscheid 09 (34)
34,(Sat) 5 Jun 1993 (22),FC Schalke 04 (34),3-3,2-1,Bayern München (34)
34,(Sat) 5 Jun 1993 (22),KFC Uerdingen (34),0-0,0-0,1. FC Köln (34)
34,(Sat) 5 Jun 1993 (22),1. FC Kaiserslautern (34),2-0,1-0,Dynamo Dresden (34)
34,(Sat) 5 Jun 1993 (22),VfB Stuttgart (34),0-3,0-0,Werder Bremen (34)
