Round,Date,Team 1,FT,HT,Team 2
?,(Fri) 28 Jul 2017 (W30),VfL Bochum (1),0-1,0-0,FC St. Pauli (1)
?,(Sat) 29 Jul 2017 (W30),Arminia Bielefeld (1),2-1,1-1,SSV Jahn Regensburg (1)
?,(Sat) 29 Jul 2017 (W30),SV Darmstadt 98 (1),1-0,0-0,Greuther Fürth (1)
?,(Sat) 29 Jul 2017 (W30),FC Ingolstadt 04 (1),0-1,0-0,1. FC Union Berlin (1)
?,(Sun) 30 Jul 2017 (W30),Dynamo Dresden (1),1-0,0-0,MSV Duisburg (1)
?,(Sun) 30 Jul 2017 (W30),Holstein Kiel (1),2-2,0-2,SV Sandhausen (1)
?,(Sun) 30 Jul 2017 (W30),1. FC Nürnberg (1),3-0,2-0,1. FC Kaiserslautern (1)
?,(Mon) 31 Jul 2017 (W31),Fortuna Düsseldorf (1),2-2,1-1,Eintracht Braunschweig (1)
?,(Fri) 4 Aug 2017 (W31),1. FC Kaiserslautern (2),1-1,1-0,SV Darmstadt 98 (2)
?,(Fri) 4 Aug 2017 (W31),SV Sandhausen (2),1-0,0-0,FC Ingolstadt 04 (2)
?,(Fri) 4 Aug 2017 (W31),1. FC Union Berlin (2),4-3,3-3,Holstein Kiel (2)
?,(Sat) 5 Aug 2017 (W31),Eintracht Braunschweig (2),2-0,1-0,1. FC Heidenheim (1)
?,(Sat) 5 Aug 2017 (W31),MSV Duisburg (2),1-1,1-0,VfL Bochum (2)
?,(Sun) 6 Aug 2017 (W31),FC Erzgebirge Aue (1),0-2,0-1,Fortuna Düsseldorf (2)
?,(Sun) 6 Aug 2017 (W31),Greuther Fürth (2),1-2,0-2,Arminia Bielefeld (2)
?,(Sun) 6 Aug 2017 (W31),SSV Jahn Regensburg (2),0-1,0-0,1. FC Nürnberg (2)
?,(Mon) 7 Aug 2017 (W32),FC St. Pauli (2),2-2,1-1,Dynamo Dresden (2)
?,(Wed) 9 Aug 2017 (W32),1. FC Heidenheim (2),2-1,1-1,FC Erzgebirge Aue (2)
?,(Fri) 18 Aug 2017 (W33),Eintracht Braunschweig (3),1-1,1-1,FC Erzgebirge Aue (3)
?,(Fri) 18 Aug 2017 (W33),SV Darmstadt 98 (3),3-0,1-0,FC St. Pauli (3)
?,(Sat) 19 Aug 2017 (W33),Dynamo Dresden (3),0-4,0-1,SV Sandhausen (3)
?,(Sat) 19 Aug 2017 (W33),Fortuna Düsseldorf (3),2-0,1-0,1. FC Kaiserslautern (3)
?,(Sat) 19 Aug 2017 (W33),1. FC Heidenheim (3),1-2,0-0,MSV Duisburg (3)
?,(Sun) 20 Aug 2017 (W33),Holstein Kiel (3),3-1,2-1,Greuther Fürth (3)
?,(Sun) 20 Aug 2017 (W33),FC Ingolstadt 04 (3),2-4,0-1,SSV Jahn Regensburg (3)
?,(Sun) 20 Aug 2017 (W33),1. FC Nürnberg (3),2-2,0-0,1. FC Union Berlin (3)
?,(Mon) 21 Aug 2017 (W34),Arminia Bielefeld (3),2-0,2-0,VfL Bochum (3)
?,(Fri) 25 Aug 2017 (W34),MSV Duisburg (4),1-2,1-1,SV Darmstadt 98 (4)
?,(Fri) 25 Aug 2017 (W34),Greuther Fürth (4),0-1,0-0,FC Ingolstadt 04 (4)
?,(Sat) 26 Aug 2017 (W34),FC Erzgebirge Aue (4),3-1,0-0,1. FC Nürnberg (4)
?,(Sat) 26 Aug 2017 (W34),SSV Jahn Regensburg (4),1-2,1-2,Holstein Kiel (4)
?,(Sat) 26 Aug 2017 (W34),FC St. Pauli (4),1-0,0-0,1. FC Heidenheim (4)
?,(Sun) 27 Aug 2017 (W34),VfL Bochum (4),3-2,2-1,Dynamo Dresden (4)
?,(Sun) 27 Aug 2017 (W34),SV Sandhausen (4),1-2,1-0,Fortuna Düsseldorf (4)
?,(Sun) 27 Aug 2017 (W34),1. FC Union Berlin (4),1-1,0-0,Arminia Bielefeld (4)
?,(Mon) 28 Aug 2017 (W35),1. FC Kaiserslautern (4),1-1,0-1,Eintracht Braunschweig (4)
?,(Fri) 8 Sep 2017 (W36),Dynamo Dresden (5),1-1,1-0,Greuther Fürth (5)
?,(Fri) 8 Sep 2017 (W36),1. FC Heidenheim (5),1-3,0-0,SSV Jahn Regensburg (5)
?,(Sat) 9 Sep 2017 (W36),Arminia Bielefeld (5),0-4,0-1,MSV Duisburg (5)
?,(Sat) 9 Sep 2017 (W36),Holstein Kiel (5),2-1,1-0,1. FC Kaiserslautern (5)
?,(Sat) 9 Sep 2017 (W36),FC Ingolstadt 04 (5),1-2,0-1,FC Erzgebirge Aue (5)
?,(Sun) 10 Sep 2017 (W36),Eintracht Braunschweig (5),1-1,0-0,SV Sandhausen (5)
?,(Sun) 10 Sep 2017 (W36),SV Darmstadt 98 (5),1-2,1-0,VfL Bochum (5)
?,(Sun) 10 Sep 2017 (W36),Fortuna Düsseldorf (5),3-2,1-0,1. FC Union Berlin (5)
?,(Mon) 11 Sep 2017 (W37),1. FC Nürnberg (5),0-1,0-0,FC St. Pauli (5)
?,(Fri) 15 Sep 2017 (W37),FC Erzgebirge Aue (6),0-3,0-2,Holstein Kiel (6)
?,(Fri) 15 Sep 2017 (W37),1. FC Union Berlin (6),1-1,0-0,Eintracht Braunschweig (6)
?,(Sat) 16 Sep 2017 (W37),MSV Duisburg (6),1-6,0-2,1. FC Nürnberg (6)
?,(Sat) 16 Sep 2017 (W37),SV Sandhausen (6),1-0,0-0,1. FC Kaiserslautern (6)
?,(Sat) 16 Sep 2017 (W37),FC St. Pauli (6),0-4,0-4,FC Ingolstadt 04 (6)
?,(Sun) 17 Sep 2017 (W37),VfL Bochum (6),1-2,1-1,1. FC Heidenheim (6)
?,(Sun) 17 Sep 2017 (W37),SV Darmstadt 98 (6),4-3,1-2,Arminia Bielefeld (6)
?,(Sun) 17 Sep 2017 (W37),Greuther Fürth (6),3-1,2-0,Fortuna Düsseldorf (6)
?,(Sun) 17 Sep 2017 (W37),SSV Jahn Regensburg (6),0-2,0-0,Dynamo Dresden (6)
?,(Tue) 19 Sep 2017 (W38),Holstein Kiel (7),0-1,0-1,FC St. Pauli (7)
?,(Tue) 19 Sep 2017 (W38),FC Ingolstadt 04 (7),2-2,1-1,MSV Duisburg (7)
?,(Tue) 19 Sep 2017 (W38),1. FC Kaiserslautern (7),0-2,0-1,FC Erzgebirge Aue (7)
?,(Tue) 19 Sep 2017 (W38),SV Sandhausen (7),1-0,0-0,1. FC Union Berlin (7)
?,(Wed) 20 Sep 2017 (W38),Eintracht Braunschweig (7),3-0,2-0,Greuther Fürth (7)
?,(Wed) 20 Sep 2017 (W38),Dynamo Dresden (7),0-2,0-0,Arminia Bielefeld (7)
?,(Wed) 20 Sep 2017 (W38),Fortuna Düsseldorf (7),1-0,0-0,SSV Jahn Regensburg (7)
?,(Wed) 20 Sep 2017 (W38),1. FC Heidenheim (7),2-2,1-1,SV Darmstadt 98 (7)
?,(Thu) 21 Sep 2017 (W38),1. FC Nürnberg (7),3-1,1-1,VfL Bochum (7)
?,(Fri) 22 Sep 2017 (W38),MSV Duisburg (8),1-3,0-1,Holstein Kiel (8)
?,(Fri) 22 Sep 2017 (W38),FC Erzgebirge Aue (8),1-0,1-0,SV Sandhausen (8)
?,(Sat) 23 Sep 2017 (W38),Arminia Bielefeld (8),1-1,0-0,1. FC Heidenheim (8)
?,(Sat) 23 Sep 2017 (W38),SSV Jahn Regensburg (8),2-1,0-1,Eintracht Braunschweig (8)
?,(Sat) 23 Sep 2017 (W38),FC St. Pauli (8),1-2,1-2,Fortuna Düsseldorf (8)
?,(Sun) 24 Sep 2017 (W38),VfL Bochum (8),2-0,2-0,FC Ingolstadt 04 (8)
?,(Sun) 24 Sep 2017 (W38),SV Darmstadt 98 (8),3-3,1-2,Dynamo Dresden (8)
?,(Sun) 24 Sep 2017 (W38),Greuther Fürth (8),1-3,0-1,1. FC Nürnberg (8)
?,(Mon) 25 Sep 2017 (W39),1. FC Union Berlin (8),5-0,4-0,1. FC Kaiserslautern (8)
?,(Fri) 29 Sep 2017 (W39),FC Ingolstadt 04 (9),3-0,1-0,SV Darmstadt 98 (9)
?,(Fri) 29 Sep 2017 (W39),1. FC Kaiserslautern (9),3-0,0-0,Greuther Fürth (9)
?,(Sat) 30 Sep 2017 (W39),FC Erzgebirge Aue (9),1-2,0-0,1. FC Union Berlin (9)
?,(Sat) 30 Sep 2017 (W39),Holstein Kiel (9),3-0,2-0,VfL Bochum (9)
?,(Sat) 30 Sep 2017 (W39),1. FC Nürnberg (9),1-2,0-0,Arminia Bielefeld (9)
?,(Sun) 1 Oct 2017 (W39),Eintracht Braunschweig (9),0-2,0-0,FC St. Pauli (9)
?,(Sun) 1 Oct 2017 (W39),1. FC Heidenheim (9),0-2,0-1,Dynamo Dresden (9)
?,(Sun) 1 Oct 2017 (W39),SV Sandhausen (9),2-0,0-0,SSV Jahn Regensburg (9)
?,(Mon) 2 Oct 2017 (W40),Fortuna Düsseldorf (9),3-1,2-0,MSV Duisburg (9)
?,(Fri) 13 Oct 2017 (W41),MSV Duisburg (10),0-0,0-0,Eintracht Braunschweig (10)
?,(Fri) 13 Oct 2017 (W41),FC St. Pauli (10),1-1,0-0,1. FC Kaiserslautern (10)
?,(Sat) 14 Oct 2017 (W41),Arminia Bielefeld (10),0-2,0-1,Fortuna Düsseldorf (10)
?,(Sat) 14 Oct 2017 (W41),VfL Bochum (10),2-0,1-0,SV Sandhausen (10)
?,(Sat) 14 Oct 2017 (W41),Dynamo Dresden (10),2-2,1-2,FC Ingolstadt 04 (10)
?,(Sun) 15 Oct 2017 (W41),Greuther Fürth (10),2-1,1-0,FC Erzgebirge Aue (10)
?,(Sun) 15 Oct 2017 (W41),1. FC Heidenheim (10),3-5,1-2,Holstein Kiel (10)
?,(Sun) 15 Oct 2017 (W41),SSV Jahn Regensburg (10),0-2,0-1,1. FC Union Berlin (10)
?,(Mon) 16 Oct 2017 (W42),SV Darmstadt 98 (10),3-4,1-1,1. FC Nürnberg (10)
?,(Fri) 20 Oct 2017 (W42),Fortuna Düsseldorf (11),1-0,1-0,SV Darmstadt 98 (11)
?,(Fri) 20 Oct 2017 (W42),FC Ingolstadt 04 (11),3-0,1-0,1. FC Heidenheim (11)
?,(Sat) 21 Oct 2017 (W42),Eintracht Braunschweig (11),1-0,1-0,VfL Bochum (11)
?,(Sat) 21 Oct 2017 (W42),Holstein Kiel (11),2-1,0-0,Arminia Bielefeld (11)
?,(Sat) 21 Oct 2017 (W42),1. FC Union Berlin (11),3-1,2-0,Greuther Fürth (11)
?,(Sun) 22 Oct 2017 (W42),FC Erzgebirge Aue (11),1-0,0-0,SSV Jahn Regensburg (11)
?,(Sun) 22 Oct 2017 (W42),1. FC Kaiserslautern (11),0-1,0-0,MSV Duisburg (11)
?,(Sun) 22 Oct 2017 (W42),1. FC Nürnberg (11),2-1,1-0,Dynamo Dresden (11)
?,(Mon) 23 Oct 2017 (W43),SV Sandhausen (11),1-1,0-0,FC St. Pauli (11)
?,(Fri) 27 Oct 2017 (W43),Arminia Bielefeld (12),1-3,1-2,FC Ingolstadt 04 (12)
?,(Fri) 27 Oct 2017 (W43),FC St. Pauli (12),1-1,1-0,FC Erzgebirge Aue (12)
?,(Sat) 28 Oct 2017 (W43),SV Darmstadt 98 (12),1-1,1-1,Holstein Kiel (12)
?,(Sat) 28 Oct 2017 (W43),Greuther Fürth (12),2-1,1-0,SV Sandhausen (12)
?,(Sat) 28 Oct 2017 (W43),SSV Jahn Regensburg (12),3-1,2-1,1. FC Kaiserslautern (12)
?,(Sun) 29 Oct 2017 (W43),Dynamo Dresden (12),1-1,1-0,Eintracht Braunschweig (12)
?,(Sun) 29 Oct 2017 (W43),MSV Duisburg (12),1-1,0-0,1. FC Union Berlin (12)
?,(Sun) 29 Oct 2017 (W43),1. FC Heidenheim (12),1-0,0-0,1. FC Nürnberg (12)
?,(Mon) 30 Oct 2017 (W44),VfL Bochum (12),0-0,0-0,Fortuna Düsseldorf (12)
?,(Fri) 3 Nov 2017 (W44),1. FC Kaiserslautern (13),0-0,0-0,VfL Bochum (13)
?,(Fri) 3 Nov 2017 (W44),SV Sandhausen (13),0-1,0-1,MSV Duisburg (13)
?,(Sat) 4 Nov 2017 (W44),Eintracht Braunschweig (13),2-2,1-1,SV Darmstadt 98 (13)
?,(Sat) 4 Nov 2017 (W44),SSV Jahn Regensburg (13),3-2,2-1,Greuther Fürth (13)
?,(Sat) 4 Nov 2017 (W44),1. FC Union Berlin (13),1-0,0-0,FC St. Pauli (13)
?,(Sun) 5 Nov 2017 (W44),FC Erzgebirge Aue (13),1-1,1-0,Arminia Bielefeld (13)
?,(Sun) 5 Nov 2017 (W44),Fortuna Düsseldorf (13),2-2,0-0,1. FC Heidenheim (13)
?,(Sun) 5 Nov 2017 (W44),Holstein Kiel (13),3-0,1-0,Dynamo Dresden (13)
?,(Mon) 6 Nov 2017 (W45),1. FC Nürnberg (13),1-2,1-1,FC Ingolstadt 04 (13)
?,(Fri) 17 Nov 2017 (W46),Arminia Bielefeld (14),2-2,1-0,Eintracht Braunschweig (14)
?,(Fri) 17 Nov 2017 (W46),SV Darmstadt 98 (14),1-2,0-1,SV Sandhausen (14)
?,(Sat) 18 Nov 2017 (W46),VfL Bochum (14),1-1,1-1,Greuther Fürth (14)
?,(Sat) 18 Nov 2017 (W46),1. FC Heidenheim (14),4-3,1-0,1. FC Union Berlin (14)
?,(Sat) 18 Nov 2017 (W46),1. FC Nürnberg (14),2-2,0-0,Holstein Kiel (14)
?,(Sun) 19 Nov 2017 (W46),MSV Duisburg (14),3-0,0-0,FC Erzgebirge Aue (14)
?,(Sun) 19 Nov 2017 (W46),FC Ingolstadt 04 (14),1-0,1-0,Fortuna Düsseldorf (14)
?,(Sun) 19 Nov 2017 (W46),FC St. Pauli (14),2-2,2-2,SSV Jahn Regensburg (14)
?,(Mon) 20 Nov 2017 (W47),Dynamo Dresden (14),1-2,1-0,1. FC Kaiserslautern (14)
?,(Fri) 24 Nov 2017 (W47),SV Sandhausen (15),1-2,1-0,1. FC Heidenheim (15)
?,(Fri) 24 Nov 2017 (W47),1. FC Union Berlin (15),3-3,1-0,SV Darmstadt 98 (15)
?,(Sat) 25 Nov 2017 (W47),Eintracht Braunschweig (15),2-3,1-1,1. FC Nürnberg (15)
?,(Sat) 25 Nov 2017 (W47),Holstein Kiel (15),0-0,0-0,FC Ingolstadt 04 (15)
?,(Sat) 25 Nov 2017 (W47),SSV Jahn Regensburg (15),4-0,3-0,MSV Duisburg (15)
?,(Sun) 26 Nov 2017 (W47),FC Erzgebirge Aue (15),1-1,1-1,VfL Bochum (15)
?,(Sun) 26 Nov 2017 (W47),Greuther Fürth (15),4-0,2-0,FC St. Pauli (15)
?,(Sun) 26 Nov 2017 (W47),1. FC Kaiserslautern (15),0-2,0-1,Arminia Bielefeld (15)
?,(Mon) 27 Nov 2017 (W48),Fortuna Düsseldorf (15),1-3,1-3,Dynamo Dresden (15)
?,(Fri) 1 Dec 2017 (W48),Arminia Bielefeld (16),5-0,1-0,FC St. Pauli (16)
?,(Fri) 1 Dec 2017 (W48),1. FC Heidenheim (16),3-2,0-0,1. FC Kaiserslautern (16)
?,(Sat) 2 Dec 2017 (W48),MSV Duisburg (16),2-0,2-0,Greuther Fürth (16)
?,(Sat) 2 Dec 2017 (W48),Holstein Kiel (16),2-2,0-1,Fortuna Düsseldorf (16)
?,(Sat) 2 Dec 2017 (W48),1. FC Nürnberg (16),1-0,0-0,SV Sandhausen (16)
?,(Sun) 3 Dec 2017 (W48),VfL Bochum (16),2-1,1-1,1. FC Union Berlin (16)
?,(Sun) 3 Dec 2017 (W48),SV Darmstadt 98 (16),0-1,0-0,SSV Jahn Regensburg (16)
?,(Sun) 3 Dec 2017 (W48),Dynamo Dresden (16),4-0,2-0,FC Erzgebirge Aue (16)
?,(Mon) 4 Dec 2017 (W49),FC Ingolstadt 04 (16),0-2,0-0,Eintracht Braunschweig (16)
?,(Fri) 8 Dec 2017 (W49),Eintracht Braunschweig (17),0-0,0-0,Holstein Kiel (17)
?,(Fri) 8 Dec 2017 (W49),FC Erzgebirge Aue (17),1-0,1-0,SV Darmstadt 98 (17)
?,(Sat) 9 Dec 2017 (W49),Greuther Fürth (17),1-0,1-0,1. FC Heidenheim (17)
?,(Sat) 9 Dec 2017 (W49),SSV Jahn Regensburg (17),0-1,0-1,VfL Bochum (17)
?,(Sat) 9 Dec 2017 (W49),1. FC Union Berlin (17),0-1,0-0,Dynamo Dresden (17)
?,(Sun) 10 Dec 2017 (W49),1. FC Kaiserslautern (17),1-1,1-0,FC Ingolstadt 04 (17)
?,(Sun) 10 Dec 2017 (W49),SV Sandhausen (17),3-1,1-0,Arminia Bielefeld (17)
?,(Sun) 10 Dec 2017 (W49),FC St. Pauli (17),2-2,0-1,MSV Duisburg (17)
?,(Mon) 11 Dec 2017 (W50),Fortuna Düsseldorf (17),0-2,0-0,1. FC Nürnberg (17)
?,(Fri) 15 Dec 2017 (W50),Eintracht Braunschweig (18),0-1,0-1,Fortuna Düsseldorf (18)
?,(Fri) 15 Dec 2017 (W50),1. FC Union Berlin (18),1-2,0-0,FC Ingolstadt 04 (18)
?,(Sat) 16 Dec 2017 (W50),FC Erzgebirge Aue (18),1-1,1-0,1. FC Heidenheim (18)
?,(Sat) 16 Dec 2017 (W50),1. FC Kaiserslautern (18),1-1,0-1,1. FC Nürnberg (18)
?,(Sat) 16 Dec 2017 (W50),SSV Jahn Regensburg (18),3-2,2-1,Arminia Bielefeld (18)
?,(Sun) 17 Dec 2017 (W50),MSV Duisburg (18),2-0,1-0,Dynamo Dresden (18)
?,(Sun) 17 Dec 2017 (W50),Greuther Fürth (18),1-1,1-0,SV Darmstadt 98 (18)
?,(Sun) 17 Dec 2017 (W50),SV Sandhausen (18),3-1,0-0,Holstein Kiel (18)
?,(Mon) 18 Dec 2017 (W51),FC St. Pauli (18),2-1,1-0,VfL Bochum (18)
?,(Tue) 23 Jan 2018 (W4),VfL Bochum (19),0-2,0-2,MSV Duisburg (19)
?,(Tue) 23 Jan 2018 (W4),Holstein Kiel (19),2-2,2-1,1. FC Union Berlin (19)
?,(Tue) 23 Jan 2018 (W4),FC Ingolstadt 04 (19),0-0,0-0,SV Sandhausen (19)
?,(Tue) 23 Jan 2018 (W4),1. FC Nürnberg (19),2-2,1-2,SSV Jahn Regensburg (19)
?,(Wed) 24 Jan 2018 (W4),Arminia Bielefeld (19),0-0,0-0,Greuther Fürth (19)
?,(Wed) 24 Jan 2018 (W4),Fortuna Düsseldorf (19),2-1,1-0,FC Erzgebirge Aue (19)
?,(Wed) 24 Jan 2018 (W4),1. FC Heidenheim (19),2-0,0-0,Eintracht Braunschweig (19)
?,(Thu) 25 Jan 2018 (W4),Dynamo Dresden (19),1-3,0-1,FC St. Pauli (19)
?,(Fri) 26 Jan 2018 (W4),SSV Jahn Regensburg (20),3-2,0-2,FC Ingolstadt 04 (20)
?,(Fri) 26 Jan 2018 (W4),1. FC Union Berlin (20),0-1,0-1,1. FC Nürnberg (20)
?,(Sat) 27 Jan 2018 (W4),MSV Duisburg (20),3-3,1-3,1. FC Heidenheim (20)
?,(Sat) 27 Jan 2018 (W4),Greuther Fürth (20),0-0,0-0,Holstein Kiel (20)
?,(Sat) 27 Jan 2018 (W4),1. FC Kaiserslautern (19),1-3,0-0,Fortuna Düsseldorf (20)
?,(Sun) 28 Jan 2018 (W4),FC Erzgebirge Aue (20),1-3,1-2,Eintracht Braunschweig (20)
?,(Sun) 28 Jan 2018 (W4),SV Sandhausen (20),1-0,0-0,Dynamo Dresden (20)
?,(Sun) 28 Jan 2018 (W4),FC St. Pauli (20),0-1,0-1,SV Darmstadt 98 (19)
?,(Mon) 29 Jan 2018 (W5),VfL Bochum (20),0-1,0-0,Arminia Bielefeld (20)
?,(Fri) 2 Feb 2018 (W5),Fortuna Düsseldorf (21),1-0,1-0,SV Sandhausen (21)
?,(Fri) 2 Feb 2018 (W5),1. FC Nürnberg (21),4-1,1-0,FC Erzgebirge Aue (21)
?,(Sat) 3 Feb 2018 (W5),1. FC Heidenheim (21),3-1,2-1,FC St. Pauli (21)
?,(Sat) 3 Feb 2018 (W5),Holstein Kiel (21),1-1,1-1,SSV Jahn Regensburg (21)
?,(Sat) 3 Feb 2018 (W5),FC Ingolstadt 04 (21),3-0,1-0,Greuther Fürth (21)
?,(Sun) 4 Feb 2018 (W5),Eintracht Braunschweig (21),1-2,0-2,1. FC Kaiserslautern (20)
?,(Sun) 4 Feb 2018 (W5),SV Darmstadt 98 (20),1-2,1-1,MSV Duisburg (21)
?,(Sun) 4 Feb 2018 (W5),Dynamo Dresden (21),2-0,1-0,VfL Bochum (21)
?,(Mon) 5 Feb 2018 (W6),Arminia Bielefeld (21),1-1,0-1,1. FC Union Berlin (21)
?,(Fri) 9 Feb 2018 (W6),VfL Bochum (22),2-1,0-0,SV Darmstadt 98 (21)
?,(Fri) 9 Feb 2018 (W6),1. FC Kaiserslautern (21),3-1,2-1,Holstein Kiel (22)
?,(Sat) 10 Feb 2018 (W6),MSV Duisburg (22),2-2,0-1,Arminia Bielefeld (22)
?,(Sat) 10 Feb 2018 (W6),SSV Jahn Regensburg (22),2-0,1-0,1. FC Heidenheim (22)
?,(Sat) 10 Feb 2018 (W6),1. FC Union Berlin (22),3-1,0-1,Fortuna Düsseldorf (22)
?,(Sun) 11 Feb 2018 (W6),FC Erzgebirge Aue (22),0-0,0-0,FC Ingolstadt 04 (22)
?,(Sun) 11 Feb 2018 (W6),Greuther Fürth (22),1-0,1-0,Dynamo Dresden (22)
?,(Sun) 11 Feb 2018 (W6),SV Sandhausen (22),0-0,0-0,Eintracht Braunschweig (22)
?,(Mon) 12 Feb 2018 (W7),FC St. Pauli (22),0-0,0-0,1. FC Nürnberg (22)
?,(Fri) 16 Feb 2018 (W7),1. FC Heidenheim (23),1-0,1-0,VfL Bochum (23)
?,(Fri) 16 Feb 2018 (W7),1. FC Kaiserslautern (22),0-1,0-0,SV Sandhausen (23)
?,(Sat) 17 Feb 2018 (W7),Arminia Bielefeld (23),2-0,1-0,SV Darmstadt 98 (22)
?,(Sat) 17 Feb 2018 (W7),Fortuna Düsseldorf (23),1-1,0-1,Greuther Fürth (23)
?,(Sat) 17 Feb 2018 (W7),Holstein Kiel (23),2-2,2-2,FC Erzgebirge Aue (23)
?,(Sat) 17 Feb 2018 (W7),FC Ingolstadt 04 (23),0-1,0-1,FC St. Pauli (23)
?,(Sun) 18 Feb 2018 (W7),Eintracht Braunschweig (23),1-0,1-0,1. FC Union Berlin (23)
?,(Sun) 18 Feb 2018 (W7),Dynamo Dresden (23),1-0,0-0,SSV Jahn Regensburg (23)
?,(Sun) 18 Feb 2018 (W7),1. FC Nürnberg (23),3-1,2-1,MSV Duisburg (23)
?,(Wed) 21 Feb 2018 (W8),SV Darmstadt 98 (23),1-2,0-1,1. FC Kaiserslautern (23)
?,(Fri) 23 Feb 2018 (W8),Arminia Bielefeld (24),2-3,1-0,Dynamo Dresden (24)
?,(Fri) 23 Feb 2018 (W8),SSV Jahn Regensburg (24),4-3,2-3,Fortuna Düsseldorf (24)
?,(Sat) 24 Feb 2018 (W8),MSV Duisburg (24),2-1,1-1,FC Ingolstadt 04 (24)
?,(Sat) 24 Feb 2018 (W8),FC Erzgebirge Aue (24),2-1,1-0,1. FC Kaiserslautern (24)
?,(Sat) 24 Feb 2018 (W8),Greuther Fürth (24),2-1,1-1,Eintracht Braunschweig (24)
?,(Sat) 24 Feb 2018 (W8),1. FC Union Berlin (24),2-1,2-0,SV Sandhausen (24)
?,(Sun) 25 Feb 2018 (W8),VfL Bochum (24),0-0,0-0,1. FC Nürnberg (24)
?,(Sun) 25 Feb 2018 (W8),SV Darmstadt 98 (24),1-1,0-1,1. FC Heidenheim (24)
?,(Sun) 25 Feb 2018 (W8),FC St. Pauli (24),3-2,1-2,Holstein Kiel (24)
?,(Fri) 2 Mar 2018 (W9),Dynamo Dresden (25),0-2,0-1,SV Darmstadt 98 (25)
?,(Fri) 2 Mar 2018 (W9),1. FC Kaiserslautern (25),4-3,2-1,1. FC Union Berlin (25)
?,(Sat) 3 Mar 2018 (W9),Holstein Kiel (25),5-0,2-0,MSV Duisburg (25)
?,(Sat) 3 Mar 2018 (W9),1. FC Nürnberg (25),0-2,0-0,Greuther Fürth (25)
?,(Sat) 3 Mar 2018 (W9),SV Sandhausen (25),1-1,0-0,FC Erzgebirge Aue (25)
?,(Sun) 4 Mar 2018 (W9),Eintracht Braunschweig (25),2-1,1-0,SSV Jahn Regensburg (25)
?,(Sun) 4 Mar 2018 (W9),Fortuna Düsseldorf (25),2-1,1-0,FC St. Pauli (25)
?,(Sun) 4 Mar 2018 (W9),1. FC Heidenheim (25),2-2,1-0,Arminia Bielefeld (25)
?,(Mon) 5 Mar 2018 (W10),FC Ingolstadt 04 (25),0-1,0-1,VfL Bochum (25)
?,(Fri) 9 Mar 2018 (W10),Arminia Bielefeld (26),1-0,0-0,1. FC Nürnberg (26)
?,(Fri) 9 Mar 2018 (W10),Dynamo Dresden (26),3-2,2-1,1. FC Heidenheim (26)
?,(Sat) 10 Mar 2018 (W10),VfL Bochum (26),1-1,1-0,Holstein Kiel (26)
?,(Sat) 10 Mar 2018 (W10),SV Darmstadt 98 (26),1-1,0-1,FC Ingolstadt 04 (26)
?,(Sat) 10 Mar 2018 (W10),Greuther Fürth (26),2-1,1-1,1. FC Kaiserslautern (26)
?,(Sat) 10 Mar 2018 (W10),FC St. Pauli (26),0-0,0-0,Eintracht Braunschweig (26)
?,(Sun) 11 Mar 2018 (W10),MSV Duisburg (26),1-2,0-1,Fortuna Düsseldorf (26)
?,(Sun) 11 Mar 2018 (W10),SSV Jahn Regensburg (26),2-1,1-0,SV Sandhausen (26)
?,(Sun) 11 Mar 2018 (W10),1. FC Union Berlin (26),0-0,0-0,FC Erzgebirge Aue (26)
?,(Fri) 16 Mar 2018 (W11),Fortuna Düsseldorf (27),4-2,1-1,Arminia Bielefeld (27)
?,(Fri) 16 Mar 2018 (W11),Holstein Kiel (27),2-1,2-0,1. FC Heidenheim (27)
?,(Sat) 17 Mar 2018 (W11),1. FC Kaiserslautern (27),1-1,0-0,FC St. Pauli (27)
?,(Sat) 17 Mar 2018 (W11),SV Sandhausen (27),2-3,2-1,VfL Bochum (27)
?,(Sat) 17 Mar 2018 (W11),1. FC Union Berlin (27),2-2,1-0,SSV Jahn Regensburg (27)
?,(Sun) 18 Mar 2018 (W11),Eintracht Braunschweig (27),3-2,3-0,MSV Duisburg (27)
?,(Sun) 18 Mar 2018 (W11),FC Ingolstadt 04 (27),4-2,2-0,Dynamo Dresden (27)
?,(Sun) 18 Mar 2018 (W11),1. FC Nürnberg (27),1-1,0-1,SV Darmstadt 98 (27)
?,(Mon) 19 Mar 2018 (W12),FC Erzgebirge Aue (27),2-1,2-0,Greuther Fürth (27)
?,(Sat) 31 Mar 2018 (W13),Dynamo Dresden (28),1-1,1-0,1. FC Nürnberg (28)
?,(Sat) 31 Mar 2018 (W13),MSV Duisburg (28),1-4,0-1,1. FC Kaiserslautern (28)
?,(Sat) 31 Mar 2018 (W13),1. FC Heidenheim (28),1-2,0-0,FC Ingolstadt 04 (28)
?,(Sun) 1 Apr 2018 (W13),Arminia Bielefeld (28),1-1,1-1,Holstein Kiel (28)
?,(Sun) 1 Apr 2018 (W13),VfL Bochum (28),2-0,1-0,Eintracht Braunschweig (28)
?,(Sun) 1 Apr 2018 (W13),Greuther Fürth (28),2-1,1-0,1. FC Union Berlin (28)
?,(Sun) 1 Apr 2018 (W13),SSV Jahn Regensburg (28),1-3,0-2,FC Erzgebirge Aue (28)
?,(Sun) 1 Apr 2018 (W13),FC St. Pauli (28),1-1,1-0,SV Sandhausen (28)
?,(Mon) 2 Apr 2018 (W14),SV Darmstadt 98 (28),1-0,1-0,Fortuna Düsseldorf (28)
?,(Fri) 6 Apr 2018 (W14),Fortuna Düsseldorf (29),1-2,0-0,VfL Bochum (29)
?,(Fri) 6 Apr 2018 (W14),SV Sandhausen (29),0-0,0-0,Greuther Fürth (29)
?,(Sat) 7 Apr 2018 (W14),FC Erzgebirge Aue (29),2-1,1-1,FC St. Pauli (29)
?,(Sat) 7 Apr 2018 (W14),Holstein Kiel (29),0-0,0-0,SV Darmstadt 98 (29)
?,(Sat) 7 Apr 2018 (W14),1. FC Nürnberg (29),3-2,3-1,1. FC Heidenheim (29)
?,(Sat) 7 Apr 2018 (W14),1. FC Union Berlin (29),0-0,0-0,MSV Duisburg (29)
?,(Sun) 8 Apr 2018 (W14),Eintracht Braunschweig (29),1-1,1-1,Dynamo Dresden (29)
?,(Sun) 8 Apr 2018 (W14),FC Ingolstadt 04 (29),2-2,0-0,Arminia Bielefeld (29)
?,(Sun) 8 Apr 2018 (W14),1. FC Kaiserslautern (29),1-1,0-1,SSV Jahn Regensburg (29)
?,(Fri) 13 Apr 2018 (W15),VfL Bochum (30),3-2,2-1,1. FC Kaiserslautern (30)
?,(Fri) 13 Apr 2018 (W15),Greuther Fürth (30),1-2,0-0,SSV Jahn Regensburg (30)
?,(Sat) 14 Apr 2018 (W15),Arminia Bielefeld (30),2-0,1-0,FC Erzgebirge Aue (30)
?,(Sat) 14 Apr 2018 (W15),Dynamo Dresden (30),0-4,0-1,Holstein Kiel (30)
?,(Sat) 14 Apr 2018 (W15),MSV Duisburg (30),0-2,0-1,SV Sandhausen (30)
?,(Sat) 14 Apr 2018 (W15),FC St. Pauli (30),0-1,0-0,1. FC Union Berlin (30)
?,(Sun) 15 Apr 2018 (W15),SV Darmstadt 98 (30),1-1,0-1,Eintracht Braunschweig (30)
?,(Sun) 15 Apr 2018 (W15),1. FC Heidenheim (30),3-1,1-0,Fortuna Düsseldorf (30)
?,(Sun) 15 Apr 2018 (W15),FC Ingolstadt 04 (30),1-1,0-0,1. FC Nürnberg (30)
?,(Fri) 20 Apr 2018 (W16),Eintracht Braunschweig (31),0-0,0-0,Arminia Bielefeld (31)
?,(Fri) 20 Apr 2018 (W16),Greuther Fürth (31),1-1,1-0,VfL Bochum (31)
?,(Sat) 21 Apr 2018 (W16),SSV Jahn Regensburg (31),3-1,2-0,FC St. Pauli (31)
?,(Sat) 21 Apr 2018 (W16),SV Sandhausen (31),1-1,1-0,SV Darmstadt 98 (31)
?,(Sat) 21 Apr 2018 (W16),1. FC Union Berlin (31),1-1,0-0,1. FC Heidenheim (31)
?,(Sun) 22 Apr 2018 (W16),FC Erzgebirge Aue (31),1-3,0-0,MSV Duisburg (31)
?,(Sun) 22 Apr 2018 (W16),Fortuna Düsseldorf (31),3-0,2-0,FC Ingolstadt 04 (31)
?,(Sun) 22 Apr 2018 (W16),1. FC Kaiserslautern (31),0-1,0-0,Dynamo Dresden (31)
?,(Mon) 23 Apr 2018 (W17),Holstein Kiel (31),1-3,1-2,1. FC Nürnberg (31)
?,(Fri) 27 Apr 2018 (W17),Arminia Bielefeld (32),3-2,0-1,1. FC Kaiserslautern (32)
?,(Fri) 27 Apr 2018 (W17),VfL Bochum (32),2-1,1-1,FC Erzgebirge Aue (32)
?,(Sat) 28 Apr 2018 (W17),SV Darmstadt 98 (32),3-1,3-0,1. FC Union Berlin (32)
?,(Sat) 28 Apr 2018 (W17),Dynamo Dresden (32),1-2,0-1,Fortuna Düsseldorf (32)
?,(Sat) 28 Apr 2018 (W17),FC St. Pauli (32),3-0,2-0,Greuther Fürth (32)
?,(Sun) 29 Apr 2018 (W17),MSV Duisburg (32),4-1,0-0,SSV Jahn Regensburg (32)
?,(Sun) 29 Apr 2018 (W17),1. FC Heidenheim (32),2-0,2-0,SV Sandhausen (32)
?,(Sun) 29 Apr 2018 (W17),FC Ingolstadt 04 (32),1-5,1-1,Holstein Kiel (32)
?,(Mon) 30 Apr 2018 (W18),1. FC Nürnberg (32),2-0,1-0,Eintracht Braunschweig (32)
?,(Sun) 6 May 2018 (W18),Eintracht Braunschweig (33),0-2,0-0,FC Ingolstadt 04 (33)
?,(Sun) 6 May 2018 (W18),FC Erzgebirge Aue (33),0-0,0-0,Dynamo Dresden (33)
?,(Sun) 6 May 2018 (W18),Fortuna Düsseldorf (33),1-1,0-0,Holstein Kiel (33)
?,(Sun) 6 May 2018 (W18),Greuther Fürth (33),2-2,1-0,MSV Duisburg (33)
?,(Sun) 6 May 2018 (W18),1. FC Kaiserslautern (33),1-0,0-0,1. FC Heidenheim (33)
?,(Sun) 6 May 2018 (W18),SSV Jahn Regensburg (33),0-3,0-1,SV Darmstadt 98 (33)
?,(Sun) 6 May 2018 (W18),SV Sandhausen (33),0-2,0-1,1. FC Nürnberg (33)
?,(Sun) 6 May 2018 (W18),FC St. Pauli (33),1-0,1-0,Arminia Bielefeld (33)
?,(Sun) 6 May 2018 (W18),1. FC Union Berlin (33),3-1,1-0,VfL Bochum (33)
?,(Sun) 13 May 2018 (W19),Arminia Bielefeld (34),0-0,0-0,SV Sandhausen (34)
?,(Sun) 13 May 2018 (W19),VfL Bochum (34),1-1,0-0,SSV Jahn Regensburg (34)
?,(Sun) 13 May 2018 (W19),SV Darmstadt 98 (34),1-0,0-0,FC Erzgebirge Aue (34)
?,(Sun) 13 May 2018 (W19),Dynamo Dresden (34),0-1,0-0,1. FC Union Berlin (34)
?,(Sun) 13 May 2018 (W19),MSV Duisburg (34),2-0,1-0,FC St. Pauli (34)
?,(Sun) 13 May 2018 (W19),1. FC Heidenheim (34),1-1,0-0,Greuther Fürth (34)
?,(Sun) 13 May 2018 (W19),Holstein Kiel (34),6-2,4-2,Eintracht Braunschweig (34)
?,(Sun) 13 May 2018 (W19),FC Ingolstadt 04 (34),1-3,0-2,1. FC Kaiserslautern (34)
?,(Sun) 13 May 2018 (W19),1. FC Nürnberg (34),2-3,2-1,Fortuna Düsseldorf (34)
