Round,Date,Team 1,FT,HT,Team 2
1,(Fri) 2 Aug 1991 (30),MSV Duisburg (1),1-0,1-0,VfB Stuttgart (1)
1,(Fri) 2 Aug 1991 (30),VfL Bochum (1),2-2,1-2,1. FC Köln (1)
1,(Fri) 2 Aug 1991 (30),Bayer 04 Leverkusen (1),1-0,1-0,Bor. Mönchengladbach (1)
1,(Sat) 3 Aug 1991 (30),Dynamo Dresden (1),0-1,0-1,1. FC Kaiserslautern (1)
1,(Sat) 3 Aug 1991 (30),FC Schalke 04 (1),0-0,0-0,Hamburger SV (1)
1,(Sat) 3 Aug 1991 (30),Fortuna Düsseldorf (1),1-2,1-1,Eintracht Frankfurt (1)
1,(Sat) 3 Aug 1991 (30),Hansa Rostock (1),4-0,1-0,1. FC Nürnberg (1)
1,(Sat) 3 Aug 1991 (30),Werder Bremen (1),1-1,0-1,Bayern München (1)
1,(Sat) 3 Aug 1991 (30),Karlsruher SC (1),2-2,1-1,Borussia Dortmund (1)
1,(Sat) 3 Aug 1991 (30),Stuttgarter Kickers (1),3-0,1-0,SG Wattenscheid 09 (1)
2,(Fri) 9 Aug 1991 (31),SG Wattenscheid 09 (2),3-0,1-0,Bayer 04 Leverkusen (2)
2,(Fri) 9 Aug 1991 (31),Bor. Mönchengladbach (2),0-0,0-0,MSV Duisburg (2)
2,(Fri) 9 Aug 1991 (31),Hamburger SV (2),2-0,0-0,Dynamo Dresden (2)
2,(Sat) 10 Aug 1991 (31),Borussia Dortmund (2),2-1,0-0,Werder Bremen (2)
2,(Sat) 10 Aug 1991 (31),Bayern München (2),1-2,1-1,Hansa Rostock (2)
2,(Sat) 10 Aug 1991 (31),1. FC Nürnberg (2),3-1,2-1,Fortuna Düsseldorf (2)
2,(Sat) 10 Aug 1991 (31),Eintracht Frankfurt (2),5-0,1-0,FC Schalke 04 (2)
2,(Sat) 10 Aug 1991 (31),1. FC Kaiserslautern (2),1-1,1-0,VfL Bochum (2)
2,(Sat) 10 Aug 1991 (31),1. FC Köln (2),0-0,0-0,Stuttgarter Kickers (2)
2,(Sat) 10 Aug 1991 (31),VfB Stuttgart (2),1-0,0-0,Karlsruher SC (2)
3,(Tue) 13 Aug 1991 (32),MSV Duisburg (3),0-0,0-0,SG Wattenscheid 09 (3)
3,(Tue) 13 Aug 1991 (32),VfL Bochum (3),2-3,2-0,Hamburger SV (3)
3,(Tue) 13 Aug 1991 (32),Dynamo Dresden (3),2-1,1-1,Eintracht Frankfurt (3)
3,(Tue) 13 Aug 1991 (32),Karlsruher SC (3),2-0,2-0,Bor. Mönchengladbach (3)
3,(Wed) 14 Aug 1991 (32),FC Schalke 04 (3),1-0,1-0,1. FC Nürnberg (3)
3,(Wed) 14 Aug 1991 (32),Fortuna Düsseldorf (3),0-1,0-0,Bayern München (3)
3,(Wed) 14 Aug 1991 (32),Hansa Rostock (3),5-1,2-0,Borussia Dortmund (3)
3,(Wed) 14 Aug 1991 (32),Werder Bremen (3),1-1,0-0,VfB Stuttgart (3)
3,(Wed) 14 Aug 1991 (32),1. FC Köln (3),1-1,0-0,1. FC Kaiserslautern (3)
3,(Wed) 14 Aug 1991 (32),Stuttgarter Kickers (3),0-1,0-0,Bayer 04 Leverkusen (3)
4,(Tue) 20 Aug 1991 (33),Bor. Mönchengladbach (4),0-2,0-0,Werder Bremen (4)
4,(Tue) 20 Aug 1991 (33),Borussia Dortmund (4),3-1,2-0,Fortuna Düsseldorf (4)
4,(Tue) 20 Aug 1991 (33),Bayern München (4),3-2,2-0,FC Schalke 04 (4)
4,(Tue) 20 Aug 1991 (33),1. FC Nürnberg (4),1-1,0-0,Dynamo Dresden (4)
4,(Wed) 21 Aug 1991 (33),SG Wattenscheid 09 (4),1-1,0-1,Karlsruher SC (4)
4,(Wed) 21 Aug 1991 (33),Eintracht Frankfurt (4),2-1,0-1,VfL Bochum (4)
4,(Wed) 21 Aug 1991 (33),Hamburger SV (4),1-1,1-0,1. FC Köln (4)
4,(Wed) 21 Aug 1991 (33),1. FC Kaiserslautern (4),4-3,2-1,Stuttgarter Kickers (4)
4,(Wed) 21 Aug 1991 (33),Bayer 04 Leverkusen (4),2-1,1-0,MSV Duisburg (4)
4,(Wed) 21 Aug 1991 (33),VfB Stuttgart (4),3-0,1-0,Hansa Rostock (4)
5,(Fri) 23 Aug 1991 (33),Dynamo Dresden (5),0-2,0-1,Bayern München (5)
5,(Sat) 24 Aug 1991 (33),FC Schalke 04 (5),5-2,1-1,Borussia Dortmund (5)
5,(Sat) 24 Aug 1991 (33),Fortuna Düsseldorf (5),0-3,0-1,VfB Stuttgart (5)
5,(Sat) 24 Aug 1991 (33),Hansa Rostock (5),2-1,1-1,Bor. Mönchengladbach (5)
5,(Sat) 24 Aug 1991 (33),Werder Bremen (5),2-2,1-0,SG Wattenscheid 09 (5)
5,(Sat) 24 Aug 1991 (33),Karlsruher SC (5),0-0,0-0,Bayer 04 Leverkusen (5)
5,(Sat) 24 Aug 1991 (33),1. FC Kaiserslautern (5),0-0,0-0,Hamburger SV (5)
5,(Sat) 24 Aug 1991 (33),1. FC Köln (5),1-1,0-1,Eintracht Frankfurt (5)
5,(Sun) 25 Aug 1991 (33),VfL Bochum (5),0-3,0-2,1. FC Nürnberg (5)
5,(Wed) 9 Oct 1991 (40),Stuttgarter Kickers (5),0-1,0-0,MSV Duisburg (5)
6,(Tue) 27 Aug 1991 (34),SG Wattenscheid 09 (6),0-0,0-0,Hansa Rostock (6)
6,(Tue) 27 Aug 1991 (34),MSV Duisburg (6),6-2,5-1,Karlsruher SC (6)
6,(Tue) 27 Aug 1991 (34),Bor. Mönchengladbach (6),3-1,1-0,Fortuna Düsseldorf (6)
6,(Tue) 27 Aug 1991 (34),Bayer 04 Leverkusen (6),0-0,0-0,Werder Bremen (6)
6,(Tue) 27 Aug 1991 (34),VfB Stuttgart (6),1-0,1-0,FC Schalke 04 (6)
6,(Wed) 28 Aug 1991 (34),Borussia Dortmund (6),4-0,0-0,Dynamo Dresden (6)
6,(Wed) 28 Aug 1991 (34),Bayern München (6),0-2,0-0,VfL Bochum (6)
6,(Wed) 28 Aug 1991 (34),1. FC Nürnberg (6),4-0,4-0,1. FC Köln (6)
6,(Wed) 28 Aug 1991 (34),Eintracht Frankfurt (6),2-0,0-0,1. FC Kaiserslautern (6)
6,(Wed) 28 Aug 1991 (34),Hamburger SV (6),0-3,0-1,Stuttgarter Kickers (6)
7,(Fri) 30 Aug 1991 (34),FC Schalke 04 (7),3-1,2-0,Bor. Mönchengladbach (7)
7,(Fri) 30 Aug 1991 (34),Fortuna Düsseldorf (7),4-3,1-1,SG Wattenscheid 09 (7)
7,(Fri) 30 Aug 1991 (34),Werder Bremen (7),5-1,3-1,MSV Duisburg (7)
7,(Sat) 31 Aug 1991 (34),VfL Bochum (7),0-0,0-0,Borussia Dortmund (7)
7,(Sat) 31 Aug 1991 (34),Dynamo Dresden (7),1-0,1-0,VfB Stuttgart (7)
7,(Sat) 31 Aug 1991 (34),Hansa Rostock (7),2-2,1-1,Bayer 04 Leverkusen (7)
7,(Sat) 31 Aug 1991 (34),Hamburger SV (7),2-1,0-0,Eintracht Frankfurt (7)
7,(Sat) 31 Aug 1991 (34),1. FC Kaiserslautern (7),3-0,1-0,1. FC Nürnberg (7)
7,(Sat) 31 Aug 1991 (34),1. FC Köln (7),1-1,0-1,Bayern München (7)
7,(Sat) 31 Aug 1991 (34),Stuttgarter Kickers (7),1-1,1-1,Karlsruher SC (7)
8,(Fri) 6 Sep 1991 (35),Borussia Dortmund (8),3-1,1-1,1. FC Köln (8)
8,(Fri) 6 Sep 1991 (35),Eintracht Frankfurt (8),6-1,4-0,Stuttgarter Kickers (8)
8,(Sat) 7 Sep 1991 (35),SG Wattenscheid 09 (8),1-2,1-1,FC Schalke 04 (8)
8,(Sat) 7 Sep 1991 (35),Bor. Mönchengladbach (8),1-0,1-0,Dynamo Dresden (8)
8,(Sat) 7 Sep 1991 (35),Bayern München (8),1-0,1-0,1. FC Kaiserslautern (8)
8,(Sat) 7 Sep 1991 (35),1. FC Nürnberg (8),1-1,0-0,Hamburger SV (8)
8,(Sat) 7 Sep 1991 (35),Karlsruher SC (8),2-1,1-1,Werder Bremen (8)
8,(Sat) 7 Sep 1991 (35),Bayer 04 Leverkusen (8),1-1,0-1,Fortuna Düsseldorf (8)
8,(Sat) 7 Sep 1991 (35),VfB Stuttgart (8),4-1,3-1,VfL Bochum (8)
8,(Sun) 8 Sep 1991 (35),MSV Duisburg (8),2-0,1-0,Hansa Rostock (8)
9,(Fri) 13 Sep 1991 (36),VfL Bochum (9),3-1,1-0,Bor. Mönchengladbach (9)
9,(Fri) 13 Sep 1991 (36),Fortuna Düsseldorf (9),1-1,0-0,MSV Duisburg (9)
9,(Fri) 13 Sep 1991 (36),Hansa Rostock (9),1-2,0-0,Karlsruher SC (9)
9,(Sat) 14 Sep 1991 (36),Dynamo Dresden (9),3-0,1-0,SG Wattenscheid 09 (9)
9,(Sat) 14 Sep 1991 (36),FC Schalke 04 (9),0-0,0-0,Bayer 04 Leverkusen (9)
9,(Sat) 14 Sep 1991 (36),Hamburger SV (9),1-0,1-0,Bayern München (9)
9,(Sat) 14 Sep 1991 (36),1. FC Kaiserslautern (9),4-0,2-0,Borussia Dortmund (9)
9,(Sat) 14 Sep 1991 (36),1. FC Köln (9),1-1,1-1,VfB Stuttgart (9)
9,(Sat) 14 Sep 1991 (36),Stuttgarter Kickers (9),2-1,0-1,Werder Bremen (9)
9,(Sun) 15 Sep 1991 (36),Eintracht Frankfurt (9),2-2,2-0,1. FC Nürnberg (9)
10,(Fri) 20 Sep 1991 (37),SG Wattenscheid 09 (10),1-2,0-0,VfL Bochum (10)
10,(Fri) 20 Sep 1991 (37),Bor. Mönchengladbach (10),2-2,1-1,1. FC Köln (10)
10,(Fri) 20 Sep 1991 (37),Karlsruher SC (10),1-5,1-2,Fortuna Düsseldorf (10)
10,(Sat) 21 Sep 1991 (37),Borussia Dortmund (10),2-2,2-1,Hamburger SV (10)
10,(Sat) 21 Sep 1991 (37),Bayern München (10),3-3,1-1,Eintracht Frankfurt (10)
10,(Sat) 21 Sep 1991 (37),1. FC Nürnberg (10),2-0,0-0,Stuttgarter Kickers (10)
10,(Sat) 21 Sep 1991 (37),Werder Bremen (10),1-0,1-0,Hansa Rostock (10)
10,(Sat) 21 Sep 1991 (37),Bayer 04 Leverkusen (10),4-0,1-0,Dynamo Dresden (10)
10,(Sat) 21 Sep 1991 (37),VfB Stuttgart (10),4-1,2-1,1. FC Kaiserslautern (10)
10,(Sun) 22 Sep 1991 (37),MSV Duisburg (10),2-0,1-0,FC Schalke 04 (10)
11,(Fri) 27 Sep 1991 (38),VfL Bochum (11),0-2,0-0,Bayer 04 Leverkusen (11)
11,(Fri) 27 Sep 1991 (38),1. FC Nürnberg (11),1-1,0-0,Bayern München (11)
11,(Fri) 27 Sep 1991 (38),1. FC Köln (11),1-1,0-0,SG Wattenscheid 09 (11)
11,(Sat) 28 Sep 1991 (38),Dynamo Dresden (11),0-0,0-0,MSV Duisburg (11)
11,(Sat) 28 Sep 1991 (38),FC Schalke 04 (11),3-1,0-1,Karlsruher SC (11)
11,(Sat) 28 Sep 1991 (38),Fortuna Düsseldorf (11),0-0,0-0,Werder Bremen (11)
11,(Sat) 28 Sep 1991 (38),Eintracht Frankfurt (11),3-0,1-0,Borussia Dortmund (11)
11,(Sat) 28 Sep 1991 (38),Hamburger SV (11),1-1,1-1,VfB Stuttgart (11)
11,(Sat) 28 Sep 1991 (38),1. FC Kaiserslautern (11),4-2,3-1,Bor. Mönchengladbach (11)
11,(Sat) 28 Sep 1991 (38),Stuttgarter Kickers (11),1-1,0-1,Hansa Rostock (11)
12,(Fri) 4 Oct 1991 (39),MSV Duisburg (12),1-1,0-0,VfL Bochum (12)
12,(Fri) 4 Oct 1991 (39),Borussia Dortmund (12),3-2,2-0,1. FC Nürnberg (12)
12,(Fri) 4 Oct 1991 (39),Karlsruher SC (12),1-0,0-0,Dynamo Dresden (12)
12,(Sat) 5 Oct 1991 (39),SG Wattenscheid 09 (12),1-0,0-0,1. FC Kaiserslautern (12)
12,(Sat) 5 Oct 1991 (39),Bor. Mönchengladbach (12),1-0,1-0,Hamburger SV (12)
12,(Sat) 5 Oct 1991 (39),Bayern München (12),1-4,0-2,Stuttgarter Kickers (12)
12,(Sat) 5 Oct 1991 (39),Hansa Rostock (12),3-1,1-1,Fortuna Düsseldorf (12)
12,(Sat) 5 Oct 1991 (39),Werder Bremen (12),2-1,1-0,FC Schalke 04 (12)
12,(Sat) 5 Oct 1991 (39),Bayer 04 Leverkusen (12),1-1,0-0,1. FC Köln (12)
12,(Sat) 5 Oct 1991 (39),VfB Stuttgart (12),1-2,1-0,Eintracht Frankfurt (12)
13,(Fri) 11 Oct 1991 (40),VfL Bochum (13),1-3,0-2,Karlsruher SC (13)
13,(Fri) 11 Oct 1991 (40),1. FC Nürnberg (13),4-3,2-1,VfB Stuttgart (13)
13,(Fri) 11 Oct 1991 (40),Eintracht Frankfurt (13),0-0,0-0,Bor. Mönchengladbach (13)
13,(Sat) 12 Oct 1991 (40),Dynamo Dresden (13),2-1,2-0,Werder Bremen (13)
13,(Sat) 12 Oct 1991 (40),FC Schalke 04 (13),5-0,2-0,Hansa Rostock (13)
13,(Sat) 12 Oct 1991 (40),Bayern München (13),0-3,0-1,Borussia Dortmund (13)
13,(Sat) 12 Oct 1991 (40),Hamburger SV (13),0-1,0-0,SG Wattenscheid 09 (13)
13,(Sat) 12 Oct 1991 (40),1. FC Kaiserslautern (13),2-1,0-0,Bayer 04 Leverkusen (13)
13,(Sat) 12 Oct 1991 (40),1. FC Köln (13),1-1,0-1,MSV Duisburg (13)
13,(Sat) 12 Oct 1991 (40),Stuttgarter Kickers (13),0-1,0-0,Fortuna Düsseldorf (13)
14,(Fri) 18 Oct 1991 (41),MSV Duisburg (14),1-1,0-0,1. FC Kaiserslautern (14)
14,(Fri) 18 Oct 1991 (41),Bor. Mönchengladbach (14),1-0,1-0,1. FC Nürnberg (14)
14,(Fri) 18 Oct 1991 (41),Werder Bremen (14),3-0,2-0,VfL Bochum (14)
14,(Sat) 19 Oct 1991 (41),SG Wattenscheid 09 (14),2-4,0-1,Eintracht Frankfurt (14)
14,(Sat) 19 Oct 1991 (41),Fortuna Düsseldorf (14),1-1,1-1,FC Schalke 04 (14)
14,(Sat) 19 Oct 1991 (41),Hansa Rostock (14),3-0,0-0,Dynamo Dresden (14)
14,(Sat) 19 Oct 1991 (41),Karlsruher SC (14),0-1,0-0,1. FC Köln (14)
14,(Sat) 19 Oct 1991 (41),Bayer 04 Leverkusen (14),1-1,0-0,Hamburger SV (14)
14,(Sat) 19 Oct 1991 (41),VfB Stuttgart (14),3-2,2-1,Bayern München (14)
14,(Sun) 20 Oct 1991 (41),Borussia Dortmund (14),3-1,0-0,Stuttgarter Kickers (14)
15,(Fri) 25 Oct 1991 (42),VfL Bochum (15),3-2,3-0,Hansa Rostock (15)
15,(Fri) 25 Oct 1991 (42),Dynamo Dresden (15),2-0,0-0,Fortuna Düsseldorf (15)
15,(Fri) 25 Oct 1991 (42),1. FC Nürnberg (15),3-1,2-0,SG Wattenscheid 09 (15)
15,(Sat) 26 Oct 1991 (42),Borussia Dortmund (15),0-0,0-0,VfB Stuttgart (15)
15,(Sat) 26 Oct 1991 (42),Bayern München (15),3-0,1-0,Bor. Mönchengladbach (15)
15,(Sat) 26 Oct 1991 (42),Eintracht Frankfurt (15),0-1,0-1,Bayer 04 Leverkusen (15)
15,(Sat) 26 Oct 1991 (42),Hamburger SV (15),1-1,0-0,MSV Duisburg (15)
15,(Sat) 26 Oct 1991 (42),1. FC Kaiserslautern (15),3-0,2-0,Karlsruher SC (15)
15,(Sat) 26 Oct 1991 (42),1. FC Köln (15),5-0,3-0,Werder Bremen (15)
15,(Sat) 26 Oct 1991 (42),Stuttgarter Kickers (15),1-1,0-1,FC Schalke 04 (15)
16,(Fri) 1 Nov 1991 (43),MSV Duisburg (16),3-6,1-3,Eintracht Frankfurt (16)
16,(Fri) 1 Nov 1991 (43),SG Wattenscheid 09 (16),0-0,0-0,Bayern München (16)
16,(Fri) 1 Nov 1991 (43),Werder Bremen (16),0-2,0-0,1. FC Kaiserslautern (16)
16,(Sat) 2 Nov 1991 (43),Bor. Mönchengladbach (16),1-1,0-0,Borussia Dortmund (16)
16,(Sat) 2 Nov 1991 (43),FC Schalke 04 (16),1-1,0-1,Dynamo Dresden (16)
16,(Sat) 2 Nov 1991 (43),Fortuna Düsseldorf (16),3-0,2-0,VfL Bochum (16)
16,(Sat) 2 Nov 1991 (43),Hansa Rostock (16),1-1,0-1,1. FC Köln (16)
16,(Sat) 2 Nov 1991 (43),Karlsruher SC (16),4-1,2-0,Hamburger SV (16)
16,(Sat) 2 Nov 1991 (43),Bayer 04 Leverkusen (16),0-1,0-0,1. FC Nürnberg (16)
16,(Sat) 2 Nov 1991 (43),VfB Stuttgart (16),3-1,1-1,Stuttgarter Kickers (16)
17,(Fri) 8 Nov 1991 (44),Borussia Dortmund (17),1-1,0-0,SG Wattenscheid 09 (17)
17,(Fri) 8 Nov 1991 (44),1. FC Nürnberg (17),1-1,1-0,MSV Duisburg (17)
17,(Sat) 9 Nov 1991 (44),VfL Bochum (17),1-0,0-0,FC Schalke 04 (17)
17,(Sat) 9 Nov 1991 (44),Dynamo Dresden (17),2-2,2-1,Stuttgarter Kickers (17)
17,(Sat) 9 Nov 1991 (44),Bayern München (17),2-2,2-0,Bayer 04 Leverkusen (17)
17,(Sat) 9 Nov 1991 (44),Eintracht Frankfurt (17),1-1,0-0,Karlsruher SC (17)
17,(Sat) 9 Nov 1991 (44),1. FC Kaiserslautern (17),3-0,1-0,Hansa Rostock (17)
17,(Sat) 9 Nov 1991 (44),1. FC Köln (17),4-1,2-1,Fortuna Düsseldorf (17)
17,(Sat) 9 Nov 1991 (44),VfB Stuttgart (17),0-1,0-1,Bor. Mönchengladbach (17)
17,(Sun) 10 Nov 1991 (44),Hamburger SV (17),0-1,0-1,Werder Bremen (17)
18,(Fri) 15 Nov 1991 (45),MSV Duisburg (18),1-1,1-0,Bayern München (18)
18,(Fri) 15 Nov 1991 (45),SG Wattenscheid 09 (18),1-3,0-3,VfB Stuttgart (18)
18,(Fri) 15 Nov 1991 (45),Werder Bremen (18),1-0,0-0,Eintracht Frankfurt (18)
18,(Sat) 16 Nov 1991 (45),Dynamo Dresden (18),0-0,0-0,VfL Bochum (18)
18,(Sat) 16 Nov 1991 (45),FC Schalke 04 (18),3-0,1-0,1. FC Köln (18)
18,(Sat) 16 Nov 1991 (45),Fortuna Düsseldorf (18),1-0,0-0,1. FC Kaiserslautern (18)
18,(Sat) 16 Nov 1991 (45),Hansa Rostock (18),1-2,0-1,Hamburger SV (18)
18,(Sat) 16 Nov 1991 (45),Karlsruher SC (18),1-0,0-0,1. FC Nürnberg (18)
18,(Sat) 16 Nov 1991 (45),Bayer 04 Leverkusen (18),0-2,0-0,Borussia Dortmund (18)
18,(Sat) 16 Nov 1991 (45),Stuttgarter Kickers (18),3-0,1-0,Bor. Mönchengladbach (18)
19,(Fri) 22 Nov 1991 (46),VfL Bochum (19),2-2,1-0,Stuttgarter Kickers (19)
19,(Fri) 22 Nov 1991 (46),Bor. Mönchengladbach (19),1-0,1-0,SG Wattenscheid 09 (19)
19,(Sat) 23 Nov 1991 (46),Borussia Dortmund (19),2-1,1-1,MSV Duisburg (19)
19,(Sat) 23 Nov 1991 (46),Bayern München (19),1-0,1-0,Karlsruher SC (19)
19,(Sat) 23 Nov 1991 (46),1. FC Nürnberg (19),1-0,1-0,Werder Bremen (19)
19,(Sat) 23 Nov 1991 (46),Eintracht Frankfurt (19),2-0,0-0,Hansa Rostock (19)
19,(Sat) 23 Nov 1991 (46),Hamburger SV (19),1-1,0-0,Fortuna Düsseldorf (19)
19,(Sat) 23 Nov 1991 (46),1. FC Kaiserslautern (19),1-1,1-1,FC Schalke 04 (19)
19,(Sat) 23 Nov 1991 (46),VfB Stuttgart (19),2-0,0-0,Bayer 04 Leverkusen (19)
19,(Tue) 10 Dec 1991 (49),1. FC Köln (19),1-1,1-1,Dynamo Dresden (19)
20,(Fri) 29 Nov 1991 (47),Borussia Dortmund (20),1-0,1-0,Karlsruher SC (20)
20,(Fri) 29 Nov 1991 (47),Bor. Mönchengladbach (20),2-2,0-1,Bayer 04 Leverkusen (20)
20,(Fri) 29 Nov 1991 (47),SG Wattenscheid 09 (20),4-1,0-1,Stuttgarter Kickers (20)
20,(Sat) 30 Nov 1991 (47),1. FC Köln (20),1-0,1-0,VfL Bochum (20)
20,(Sat) 30 Nov 1991 (47),1. FC Kaiserslautern (20),4-1,2-1,Dynamo Dresden (20)
20,(Sat) 30 Nov 1991 (47),Hamburger SV (20),2-1,0-0,FC Schalke 04 (20)
20,(Sat) 30 Nov 1991 (47),Eintracht Frankfurt (20),1-1,0-0,Fortuna Düsseldorf (20)
20,(Sat) 30 Nov 1991 (47),1. FC Nürnberg (20),0-0,0-0,Hansa Rostock (20)
20,(Sat) 30 Nov 1991 (47),Bayern München (20),3-4,0-2,Werder Bremen (20)
20,(Sat) 30 Nov 1991 (47),VfB Stuttgart (20),2-0,1-0,MSV Duisburg (20)
21,(Thu) 5 Dec 1991 (48),FC Schalke 04 (21),1-1,0-1,Eintracht Frankfurt (21)
21,(Fri) 6 Dec 1991 (48),Werder Bremen (21),0-1,0-1,Borussia Dortmund (21)
21,(Fri) 6 Dec 1991 (48),Fortuna Düsseldorf (21),1-2,0-1,1. FC Nürnberg (21)
21,(Sat) 7 Dec 1991 (48),Bayer 04 Leverkusen (21),6-1,3-1,SG Wattenscheid 09 (21)
21,(Sat) 7 Dec 1991 (48),Hansa Rostock (21),2-1,0-0,Bayern München (21)
21,(Sat) 7 Dec 1991 (48),Dynamo Dresden (21),3-0,2-0,Hamburger SV (21)
21,(Sat) 7 Dec 1991 (48),VfL Bochum (21),0-0,0-0,1. FC Kaiserslautern (21)
21,(Sat) 7 Dec 1991 (48),Stuttgarter Kickers (21),0-3,0-1,1. FC Köln (21)
21,(Sat) 7 Dec 1991 (48),Karlsruher SC (21),0-0,0-0,VfB Stuttgart (21)
21,(Sun) 8 Dec 1991 (48),MSV Duisburg (21),1-1,1-0,Bor. Mönchengladbach (21)
22,(Fri) 13 Dec 1991 (49),Hamburger SV (22),0-0,0-0,VfL Bochum (22)
22,(Fri) 13 Dec 1991 (49),Borussia Dortmund (22),4-1,2-0,Hansa Rostock (22)
22,(Fri) 13 Dec 1991 (49),Bor. Mönchengladbach (22),1-0,1-0,Karlsruher SC (22)
22,(Sat) 14 Dec 1991 (49),Eintracht Frankfurt (22),3-0,2-0,Dynamo Dresden (22)
22,(Sat) 14 Dec 1991 (49),1. FC Nürnberg (22),0-1,0-0,FC Schalke 04 (22)
22,(Sat) 14 Dec 1991 (49),Bayern München (22),3-1,0-1,Fortuna Düsseldorf (22)
22,(Sat) 14 Dec 1991 (49),VfB Stuttgart (22),1-1,0-0,Werder Bremen (22)
22,(Sat) 14 Dec 1991 (49),SG Wattenscheid 09 (22),2-0,1-0,MSV Duisburg (22)
22,(Sat) 14 Dec 1991 (49),1. FC Kaiserslautern (22),2-1,2-0,1. FC Köln (22)
22,(Sat) 14 Dec 1991 (49),Bayer 04 Leverkusen (22),3-1,0-1,Stuttgarter Kickers (22)
23,(Fri) 7 Feb 1992 (5),Karlsruher SC (23),1-2,0-1,SG Wattenscheid 09 (23)
23,(Fri) 7 Feb 1992 (5),Dynamo Dresden (23),1-2,1-0,1. FC Nürnberg (23)
23,(Fri) 7 Feb 1992 (5),VfL Bochum (23),0-0,0-0,Eintracht Frankfurt (23)
23,(Sat) 8 Feb 1992 (5),Werder Bremen (23),0-0,0-0,Bor. Mönchengladbach (23)
23,(Sat) 8 Feb 1992 (5),Fortuna Düsseldorf (23),1-1,0-1,Borussia Dortmund (23)
23,(Sat) 8 Feb 1992 (5),FC Schalke 04 (23),1-1,0-0,Bayern München (23)
23,(Sat) 8 Feb 1992 (5),1. FC Köln (23),0-0,0-0,Hamburger SV (23)
23,(Sat) 8 Feb 1992 (5),Stuttgarter Kickers (23),1-1,0-1,1. FC Kaiserslautern (23)
23,(Sat) 8 Feb 1992 (5),Hansa Rostock (23),2-0,1-0,VfB Stuttgart (23)
23,(Sun) 9 Feb 1992 (5),MSV Duisburg (23),1-2,0-1,Bayer 04 Leverkusen (23)
24,(Fri) 14 Feb 1992 (6),MSV Duisburg (24),1-1,1-1,Stuttgarter Kickers (24)
24,(Fri) 14 Feb 1992 (6),1. FC Nürnberg (24),1-0,0-0,VfL Bochum (24)
24,(Fri) 14 Feb 1992 (6),SG Wattenscheid 09 (24),0-1,0-0,Werder Bremen (24)
24,(Sat) 15 Feb 1992 (6),Bayern München (24),1-2,0-1,Dynamo Dresden (24)
24,(Sat) 15 Feb 1992 (6),Borussia Dortmund (24),2-0,1-0,FC Schalke 04 (24)
24,(Sat) 15 Feb 1992 (6),VfB Stuttgart (24),3-1,1-0,Fortuna Düsseldorf (24)
24,(Sat) 15 Feb 1992 (6),Bor. Mönchengladbach (24),1-1,1-0,Hansa Rostock (24)
24,(Sat) 15 Feb 1992 (6),Bayer 04 Leverkusen (24),2-0,0-0,Karlsruher SC (24)
24,(Sat) 15 Feb 1992 (6),Eintracht Frankfurt (24),1-2,0-2,1. FC Köln (24)
24,(Sun) 16 Feb 1992 (6),Hamburger SV (24),0-1,0-0,1. FC Kaiserslautern (24)
25,(Thu) 20 Feb 1992 (7),VfL Bochum (25),0-5,0-3,Bayern München (25)
25,(Fri) 21 Feb 1992 (7),Karlsruher SC (25),2-2,1-0,MSV Duisburg (25)
25,(Fri) 21 Feb 1992 (7),Werder Bremen (25),1-1,1-1,Bayer 04 Leverkusen (25)
25,(Sat) 22 Feb 1992 (7),Hansa Rostock (25),1-1,1-1,SG Wattenscheid 09 (25)
25,(Sat) 22 Feb 1992 (7),Fortuna Düsseldorf (25),1-1,1-1,Bor. Mönchengladbach (25)
25,(Sat) 22 Feb 1992 (7),Dynamo Dresden (25),0-0,0-0,Borussia Dortmund (25)
25,(Sat) 22 Feb 1992 (7),1. FC Köln (25),4-0,3-0,1. FC Nürnberg (25)
25,(Sat) 22 Feb 1992 (7),1. FC Kaiserslautern (25),1-1,0-1,Eintracht Frankfurt (25)
25,(Sat) 22 Feb 1992 (7),Stuttgarter Kickers (25),1-1,0-1,Hamburger SV (25)
25,(Sat) 22 Feb 1992 (7),FC Schalke 04 (25),0-1,0-0,VfB Stuttgart (25)
26,(Fri) 28 Feb 1992 (8),MSV Duisburg (26),0-0,0-0,Werder Bremen (26)
26,(Fri) 28 Feb 1992 (8),SG Wattenscheid 09 (26),4-1,1-1,Fortuna Düsseldorf (26)
26,(Fri) 28 Feb 1992 (8),Bayer 04 Leverkusen (26),3-0,1-0,Hansa Rostock (26)
26,(Sat) 29 Feb 1992 (8),Borussia Dortmund (26),1-1,0-0,VfL Bochum (26)
26,(Sat) 29 Feb 1992 (8),VfB Stuttgart (26),1-1,1-0,Dynamo Dresden (26)
26,(Sat) 29 Feb 1992 (8),Bor. Mönchengladbach (26),1-1,0-0,FC Schalke 04 (26)
26,(Sat) 29 Feb 1992 (8),Eintracht Frankfurt (26),2-1,1-0,Hamburger SV (26)
26,(Sat) 29 Feb 1992 (8),1. FC Nürnberg (26),3-2,2-0,1. FC Kaiserslautern (26)
26,(Sat) 29 Feb 1992 (8),Bayern München (26),0-0,0-0,1. FC Köln (26)
26,(Sat) 29 Feb 1992 (8),Karlsruher SC (26),3-1,3-0,Stuttgarter Kickers (26)
27,(Fri) 6 Mar 1992 (9),FC Schalke 04 (27),1-1,1-0,SG Wattenscheid 09 (27)
27,(Fri) 6 Mar 1992 (9),Dynamo Dresden (27),1-2,0-1,Bor. Mönchengladbach (27)
27,(Fri) 6 Mar 1992 (9),Hansa Rostock (27),0-0,0-0,MSV Duisburg (27)
27,(Sat) 7 Mar 1992 (9),1. FC Köln (27),1-2,0-0,Borussia Dortmund (27)
27,(Sat) 7 Mar 1992 (9),1. FC Kaiserslautern (27),4-0,1-0,Bayern München (27)
27,(Sat) 7 Mar 1992 (9),Stuttgarter Kickers (27),0-2,0-0,Eintracht Frankfurt (27)
27,(Sat) 7 Mar 1992 (9),Werder Bremen (27),0-0,0-0,Karlsruher SC (27)
27,(Sat) 7 Mar 1992 (9),Fortuna Düsseldorf (27),1-1,0-0,Bayer 04 Leverkusen (27)
27,(Sat) 7 Mar 1992 (9),VfL Bochum (27),0-2,0-0,VfB Stuttgart (27)
27,(Sun) 8 Mar 1992 (9),Hamburger SV (27),0-2,0-1,1. FC Nürnberg (27)
28,(Fri) 13 Mar 1992 (10),Bor. Mönchengladbach (28),1-2,0-1,VfL Bochum (28)
28,(Fri) 13 Mar 1992 (10),1. FC Nürnberg (28),1-3,1-0,Eintracht Frankfurt (28)
28,(Fri) 13 Mar 1992 (10),Werder Bremen (28),1-3,0-2,Stuttgarter Kickers (28)
28,(Sat) 14 Mar 1992 (10),Bayer 04 Leverkusen (28),2-1,2-1,FC Schalke 04 (28)
28,(Sat) 14 Mar 1992 (10),Karlsruher SC (28),2-1,1-1,Hansa Rostock (28)
28,(Sat) 14 Mar 1992 (10),Bayern München (28),2-0,0-0,Hamburger SV (28)
28,(Sat) 14 Mar 1992 (10),Borussia Dortmund (28),3-1,2-0,1. FC Kaiserslautern (28)
28,(Sat) 14 Mar 1992 (10),VfB Stuttgart (28),1-0,0-0,1. FC Köln (28)
28,(Tue) 17 Mar 1992 (11),MSV Duisburg (28),2-2,0-1,Fortuna Düsseldorf (28)
28,(Tue) 31 Mar 1992 (13),SG Wattenscheid 09 (28),3-0,3-0,Dynamo Dresden (28)
29,(Fri) 20 Mar 1992 (11),VfL Bochum (29),1-1,1-1,SG Wattenscheid 09 (29)
29,(Fri) 20 Mar 1992 (11),Hamburger SV (29),1-1,1-1,Borussia Dortmund (29)
29,(Fri) 20 Mar 1992 (11),Dynamo Dresden (29),1-0,0-0,Bayer 04 Leverkusen (29)
29,(Sat) 21 Mar 1992 (11),1. FC Köln (29),1-1,1-1,Bor. Mönchengladbach (29)
29,(Sat) 21 Mar 1992 (11),Eintracht Frankfurt (29),3-2,1-1,Bayern München (29)
29,(Sat) 21 Mar 1992 (11),Stuttgarter Kickers (29),3-1,1-0,1. FC Nürnberg (29)
29,(Sat) 21 Mar 1992 (11),Hansa Rostock (29),0-0,0-0,Werder Bremen (29)
29,(Sat) 21 Mar 1992 (11),Fortuna Düsseldorf (29),2-3,1-1,Karlsruher SC (29)
29,(Sat) 21 Mar 1992 (11),FC Schalke 04 (29),3-0,2-0,MSV Duisburg (29)
29,(Sat) 21 Mar 1992 (11),1. FC Kaiserslautern (29),0-0,0-0,VfB Stuttgart (29)
30,(Fri) 27 Mar 1992 (12),MSV Duisburg (30),3-0,1-0,Dynamo Dresden (30)
30,(Fri) 27 Mar 1992 (12),Werder Bremen (30),2-1,1-0,Fortuna Düsseldorf (30)
30,(Fri) 27 Mar 1992 (12),SG Wattenscheid 09 (30),1-2,0-2,1. FC Köln (30)
30,(Sat) 28 Mar 1992 (12),Bayer 04 Leverkusen (30),2-0,1-0,VfL Bochum (30)
30,(Sat) 28 Mar 1992 (12),Karlsruher SC (30),1-0,1-0,FC Schalke 04 (30)
30,(Sat) 28 Mar 1992 (12),Bayern München (30),1-3,1-2,1. FC Nürnberg (30)
30,(Sat) 28 Mar 1992 (12),Borussia Dortmund (30),2-2,1-1,Eintracht Frankfurt (30)
30,(Sat) 28 Mar 1992 (12),VfB Stuttgart (30),3-2,1-1,Hamburger SV (30)
30,(Sat) 28 Mar 1992 (12),Bor. Mönchengladbach (30),1-0,1-0,1. FC Kaiserslautern (30)
30,(Sat) 28 Mar 1992 (12),Hansa Rostock (30),2-2,1-0,Stuttgarter Kickers (30)
31,(Fri) 3 Apr 1992 (13),1. FC Nürnberg (31),2-1,2-1,Borussia Dortmund (31)
31,(Fri) 3 Apr 1992 (13),Dynamo Dresden (31),2-0,0-0,Karlsruher SC (31)
31,(Fri) 3 Apr 1992 (13),VfL Bochum (31),2-1,2-0,MSV Duisburg (31)
31,(Sat) 4 Apr 1992 (13),1. FC Kaiserslautern (31),3-2,3-1,SG Wattenscheid 09 (31)
31,(Sat) 4 Apr 1992 (13),Hamburger SV (31),1-0,1-0,Bor. Mönchengladbach (31)
31,(Sat) 4 Apr 1992 (13),Stuttgarter Kickers (31),2-4,1-2,Bayern München (31)
31,(Sat) 4 Apr 1992 (13),Fortuna Düsseldorf (31),0-0,0-0,Hansa Rostock (31)
31,(Sat) 4 Apr 1992 (13),FC Schalke 04 (31),0-0,0-0,Werder Bremen (31)
31,(Sat) 4 Apr 1992 (13),1. FC Köln (31),1-1,1-0,Bayer 04 Leverkusen (31)
31,(Sat) 4 Apr 1992 (13),Eintracht Frankfurt (31),1-1,0-1,VfB Stuttgart (31)
32,(Fri) 10 Apr 1992 (14),Hansa Rostock (32),2-0,1-0,FC Schalke 04 (32)
32,(Fri) 10 Apr 1992 (14),Borussia Dortmund (32),3-0,1-0,Bayern München (32)
32,(Fri) 10 Apr 1992 (14),Fortuna Düsseldorf (32),1-3,1-2,Stuttgarter Kickers (32)
32,(Sat) 11 Apr 1992 (14),Karlsruher SC (32),1-1,1-1,VfL Bochum (32)
32,(Sat) 11 Apr 1992 (14),Werder Bremen (32),2-0,1-0,Dynamo Dresden (32)
32,(Sat) 11 Apr 1992 (14),VfB Stuttgart (32),2-0,2-0,1. FC Nürnberg (32)
32,(Sat) 11 Apr 1992 (14),Bor. Mönchengladbach (32),1-1,1-0,Eintracht Frankfurt (32)
32,(Sat) 11 Apr 1992 (14),SG Wattenscheid 09 (32),1-1,0-1,Hamburger SV (32)
32,(Sat) 11 Apr 1992 (14),Bayer 04 Leverkusen (32),3-0,2-0,1. FC Kaiserslautern (32)
32,(Sat) 11 Apr 1992 (14),MSV Duisburg (32),1-3,0-0,1. FC Köln (32)
33,(Thu) 16 Apr 1992 (15),Stuttgarter Kickers (33),0-1,0-0,Borussia Dortmund (33)
33,(Thu) 16 Apr 1992 (15),Dynamo Dresden (33),2-1,0-0,Hansa Rostock (33)
33,(Sat) 18 Apr 1992 (15),Eintracht Frankfurt (33),1-1,1-0,SG Wattenscheid 09 (33)
33,(Sat) 18 Apr 1992 (15),1. FC Nürnberg (33),2-1,1-0,Bor. Mönchengladbach (33)
33,(Sat) 18 Apr 1992 (15),FC Schalke 04 (33),0-0,0-0,Fortuna Düsseldorf (33)
33,(Sat) 18 Apr 1992 (15),VfL Bochum (33),2-2,0-0,Werder Bremen (33)
33,(Sat) 18 Apr 1992 (15),1. FC Köln (33),2-3,0-2,Karlsruher SC (33)
33,(Sat) 18 Apr 1992 (15),1. FC Kaiserslautern (33),2-1,0-1,MSV Duisburg (33)
33,(Sat) 18 Apr 1992 (15),Hamburger SV (33),1-1,0-0,Bayer 04 Leverkusen (33)
33,(Sat) 18 Apr 1992 (15),Bayern München (33),1-0,1-0,VfB Stuttgart (33)
34,(Fri) 24 Apr 1992 (16),Hansa Rostock (34),0-2,0-1,VfL Bochum (34)
34,(Fri) 24 Apr 1992 (16),Fortuna Düsseldorf (34),1-3,1-1,Dynamo Dresden (34)
34,(Fri) 24 Apr 1992 (16),SG Wattenscheid 09 (34),1-1,0-1,1. FC Nürnberg (34)
34,(Sat) 25 Apr 1992 (16),VfB Stuttgart (34),4-2,2-1,Borussia Dortmund (34)
34,(Sat) 25 Apr 1992 (16),Bor. Mönchengladbach (34),1-1,0-0,Bayern München (34)
34,(Sat) 25 Apr 1992 (16),Bayer 04 Leverkusen (34),1-3,0-1,Eintracht Frankfurt (34)
34,(Sat) 25 Apr 1992 (16),MSV Duisburg (34),0-1,0-0,Hamburger SV (34)
34,(Sat) 25 Apr 1992 (16),Karlsruher SC (34),2-1,1-0,1. FC Kaiserslautern (34)
34,(Sat) 25 Apr 1992 (16),Werder Bremen (34),1-3,0-1,1. FC Köln (34)
34,(Sat) 25 Apr 1992 (16),FC Schalke 04 (34),1-2,0-2,Stuttgarter Kickers (34)
35,(Fri) 1 May 1992 (17),Bayern München (35),5-2,3-1,SG Wattenscheid 09 (35)
35,(Fri) 1 May 1992 (17),1. FC Kaiserslautern (35),2-2,1-1,Werder Bremen (35)
35,(Fri) 1 May 1992 (17),1. FC Nürnberg (35),1-0,0-0,Bayer 04 Leverkusen (35)
35,(Sat) 2 May 1992 (17),Borussia Dortmund (35),2-2,0-1,Bor. Mönchengladbach (35)
35,(Sat) 2 May 1992 (17),Dynamo Dresden (35),2-1,1-0,FC Schalke 04 (35)
35,(Sat) 2 May 1992 (17),1. FC Köln (35),3-1,1-1,Hansa Rostock (35)
35,(Sat) 2 May 1992 (17),Hamburger SV (35),0-1,0-1,Karlsruher SC (35)
35,(Sat) 2 May 1992 (17),Eintracht Frankfurt (35),3-0,0-0,MSV Duisburg (35)
35,(Sat) 2 May 1992 (17),Stuttgarter Kickers (35),1-3,0-0,VfB Stuttgart (35)
35,(Sat) 2 May 1992 (17),VfL Bochum (35),3-0,1-0,Fortuna Düsseldorf (35)
36,(Tue) 28 Apr 1992 (17),Werder Bremen (36),1-1,1-0,Hamburger SV (36)
36,(Tue) 5 May 1992 (18),MSV Duisburg (36),3-0,1-0,1. FC Nürnberg (36)
36,(Tue) 5 May 1992 (18),FC Schalke 04 (36),2-1,2-0,VfL Bochum (36)
36,(Tue) 5 May 1992 (18),Stuttgarter Kickers (36),0-0,0-0,Dynamo Dresden (36)
36,(Tue) 5 May 1992 (18),SG Wattenscheid 09 (36),0-1,0-0,Borussia Dortmund (36)
36,(Tue) 5 May 1992 (18),Bayer 04 Leverkusen (36),2-1,1-0,Bayern München (36)
36,(Tue) 5 May 1992 (18),Karlsruher SC (36),0-2,0-1,Eintracht Frankfurt (36)
36,(Tue) 5 May 1992 (18),Hansa Rostock (36),0-1,0-0,1. FC Kaiserslautern (36)
36,(Tue) 5 May 1992 (18),Fortuna Düsseldorf (36),1-3,1-1,1. FC Köln (36)
36,(Tue) 5 May 1992 (18),Bor. Mönchengladbach (36),0-1,0-1,VfB Stuttgart (36)
37,(Sat) 9 May 1992 (18),VfB Stuttgart (37),1-1,1-1,SG Wattenscheid 09 (37)
37,(Sat) 9 May 1992 (18),VfL Bochum (37),1-0,0-0,Dynamo Dresden (37)
37,(Sat) 9 May 1992 (18),1. FC Köln (37),3-0,1-0,FC Schalke 04 (37)
37,(Sat) 9 May 1992 (18),1. FC Kaiserslautern (37),2-0,2-0,Fortuna Düsseldorf (37)
37,(Sat) 9 May 1992 (18),Hamburger SV (37),1-0,0-0,Hansa Rostock (37)
37,(Sat) 9 May 1992 (18),Eintracht Frankfurt (37),2-2,1-0,Werder Bremen (37)
37,(Sat) 9 May 1992 (18),1. FC Nürnberg (37),1-2,0-0,Karlsruher SC (37)
37,(Sat) 9 May 1992 (18),Bayern München (37),4-2,1-2,MSV Duisburg (37)
37,(Sat) 9 May 1992 (18),Borussia Dortmund (37),3-1,1-0,Bayer 04 Leverkusen (37)
37,(Sat) 9 May 1992 (18),Bor. Mönchengladbach (37),2-1,0-1,Stuttgarter Kickers (37)
38,(Sat) 16 May 1992 (19),Stuttgarter Kickers (38),2-0,0-0,VfL Bochum (38)
38,(Sat) 16 May 1992 (19),SG Wattenscheid 09 (38),3-2,1-2,Bor. Mönchengladbach (38)
38,(Sat) 16 May 1992 (19),MSV Duisburg (38),0-1,0-1,Borussia Dortmund (38)
38,(Sat) 16 May 1992 (19),Karlsruher SC (38),3-0,0-0,Bayern München (38)
38,(Sat) 16 May 1992 (19),Werder Bremen (38),1-3,1-0,1. FC Nürnberg (38)
38,(Sat) 16 May 1992 (19),Hansa Rostock (38),2-1,0-0,Eintracht Frankfurt (38)
38,(Sat) 16 May 1992 (19),Fortuna Düsseldorf (38),1-0,0-0,Hamburger SV (38)
38,(Sat) 16 May 1992 (19),FC Schalke 04 (38),2-0,1-0,1. FC Kaiserslautern (38)
38,(Sat) 16 May 1992 (19),Dynamo Dresden (38),0-0,0-0,1. FC Köln (38)
38,(Sat) 16 May 1992 (19),Bayer 04 Leverkusen (38),1-2,1-1,VfB Stuttgart (38)
