Round,Date,Team 1,FT,HT,Team 2
1,(Fri) 15 Aug 2008 (W33),Bayern München (1),2-2,2-1,Hamburger SV (1)
1,(Sat) 16 Aug 2008 (W33),Arminia Bielefeld (1),2-2,0-0,Werder Bremen (1)
1,(Sat) 16 Aug 2008 (W33),Energie Cottbus (1),0-3,0-1,TSG 1899 Hoffenheim (1)
1,(Sat) 16 Aug 2008 (W33),Karlsruher SC (1),1-0,1-0,VfL Bochum (1)
1,(Sat) 16 Aug 2008 (W33),Bayer 04 Leverkusen (1),2-3,1-2,Borussia Dortmund (1)
1,(Sat) 16 Aug 2008 (W33),FC Schalke 04 (1),3-0,2-0,Hannover 96 (1)
1,(Sat) 16 Aug 2008 (W33),VfL Wolfsburg (1),2-1,0-1,1. FC Köln (1)
1,(Sun) 17 Aug 2008 (W33),Eintracht Frankfurt (1),0-2,0-1,Hertha BSC (1)
1,(Sun) 17 Aug 2008 (W33),Bor. Mönchengladbach (1),1-3,0-3,VfB Stuttgart (1)
2,(Fri) 22 Aug 2008 (W34),Hannover 96 (2),0-0,0-0,Energie Cottbus (2)
2,(Sat) 23 Aug 2008 (W34),Borussia Dortmund (2),1-1,1-0,Bayern München (2)
2,(Sat) 23 Aug 2008 (W34),Hamburger SV (2),2-1,1-0,Karlsruher SC (2)
2,(Sat) 23 Aug 2008 (W34),Hertha BSC (2),1-1,1-1,Arminia Bielefeld (2)
2,(Sat) 23 Aug 2008 (W34),TSG 1899 Hoffenheim (2),1-0,1-0,Bor. Mönchengladbach (2)
2,(Sat) 23 Aug 2008 (W34),VfB Stuttgart (2),0-2,0-1,Bayer 04 Leverkusen (2)
2,(Sat) 23 Aug 2008 (W34),Werder Bremen (2),1-1,0-0,FC Schalke 04 (2)
2,(Sun) 24 Aug 2008 (W34),VfL Bochum (2),2-2,1-0,VfL Wolfsburg (2)
2,(Sun) 24 Aug 2008 (W34),1. FC Köln (2),1-1,1-0,Eintracht Frankfurt (2)
3,(Fri) 29 Aug 2008 (W35),Karlsruher SC (3),0-2,0-0,1. FC Köln (3)
3,(Sat) 30 Aug 2008 (W35),Arminia Bielefeld (3),2-4,2-1,Hamburger SV (3)
3,(Sat) 30 Aug 2008 (W35),Energie Cottbus (3),0-1,0-1,Borussia Dortmund (3)
3,(Sat) 30 Aug 2008 (W35),Bayer 04 Leverkusen (3),5-2,3-1,TSG 1899 Hoffenheim (3)
3,(Sat) 30 Aug 2008 (W35),Bor. Mönchengladbach (3),3-2,2-0,Werder Bremen (3)
3,(Sat) 30 Aug 2008 (W35),FC Schalke 04 (3),1-0,1-0,VfL Bochum (3)
3,(Sat) 30 Aug 2008 (W35),VfL Wolfsburg (3),2-2,1-1,Eintracht Frankfurt (3)
3,(Sun) 31 Aug 2008 (W35),Bayern München (3),4-1,1-0,Hertha BSC (3)
3,(Sun) 31 Aug 2008 (W35),VfB Stuttgart (3),2-0,2-0,Hannover 96 (3)
4,(Sat) 13 Sep 2008 (W37),Borussia Dortmund (4),3-3,0-2,FC Schalke 04 (4)
4,(Sat) 13 Sep 2008 (W37),1. FC Köln (4),0-3,0-0,Bayern München (4)
4,(Sat) 13 Sep 2008 (W37),Hamburger SV (4),3-2,1-2,Bayer 04 Leverkusen (4)
4,(Sat) 13 Sep 2008 (W37),Hertha BSC (4),2-2,0-1,VfL Wolfsburg (4)
4,(Sat) 13 Sep 2008 (W37),TSG 1899 Hoffenheim (4),0-0,0-0,VfB Stuttgart (4)
4,(Sat) 13 Sep 2008 (W37),Werder Bremen (4),3-0,0-0,Energie Cottbus (4)
4,(Sun) 14 Sep 2008 (W37),VfL Bochum (4),2-0,2-0,Arminia Bielefeld (4)
4,(Sun) 14 Sep 2008 (W37),Hannover 96 (4),5-1,2-0,Bor. Mönchengladbach (4)
5,(Fri) 19 Sep 2008 (W38),Bayer 04 Leverkusen (5),4-0,2-0,Hannover 96 (5)
5,(Sat) 20 Sep 2008 (W38),Bayern München (5),2-5,0-2,Werder Bremen (5)
5,(Sat) 20 Sep 2008 (W38),Arminia Bielefeld (5),2-0,0-0,1. FC Köln (5)
5,(Sat) 20 Sep 2008 (W38),Energie Cottbus (5),1-1,1-0,VfL Bochum (5)
5,(Sat) 20 Sep 2008 (W38),Bor. Mönchengladbach (5),0-1,0-1,Hertha BSC (5)
5,(Sat) 20 Sep 2008 (W38),FC Schalke 04 (5),1-0,1-0,Eintracht Frankfurt (4)
5,(Sun) 21 Sep 2008 (W38),TSG 1899 Hoffenheim (5),4-1,2-0,Borussia Dortmund (5)
5,(Sun) 21 Sep 2008 (W38),VfB Stuttgart (5),3-1,1-1,Karlsruher SC (4)
5,(Sun) 21 Sep 2008 (W38),VfL Wolfsburg (5),3-0,3-0,Hamburger SV (5)
6,(Fri) 26 Sep 2008 (W39),1. FC Köln (6),1-0,1-0,FC Schalke 04 (6)
6,(Sat) 27 Sep 2008 (W39),VfL Bochum (6),2-3,0-2,Bayer 04 Leverkusen (6)
6,(Sat) 27 Sep 2008 (W39),Borussia Dortmund (6),3-0,2-0,VfB Stuttgart (6)
6,(Sat) 27 Sep 2008 (W39),Hamburger SV (6),1-0,1-0,Bor. Mönchengladbach (6)
6,(Sat) 27 Sep 2008 (W39),Hannover 96 (6),1-0,1-0,Bayern München (6)
6,(Sat) 27 Sep 2008 (W39),Hertha BSC (6),0-1,0-1,Energie Cottbus (6)
6,(Sat) 27 Sep 2008 (W39),Werder Bremen (6),5-4,4-2,TSG 1899 Hoffenheim (6)
6,(Sun) 28 Sep 2008 (W39),Eintracht Frankfurt (5),1-1,0-1,Arminia Bielefeld (6)
6,(Sun) 28 Sep 2008 (W39),Karlsruher SC (5),2-1,0-0,VfL Wolfsburg (6)
7,(Fri) 3 Oct 2008 (W40),Arminia Bielefeld (7),1-2,0-1,Karlsruher SC (6)
7,(Sat) 4 Oct 2008 (W40),Bayern München (7),3-3,2-1,VfL Bochum (7)
7,(Sat) 4 Oct 2008 (W40),TSG 1899 Hoffenheim (7),2-1,0-0,Eintracht Frankfurt (6)
7,(Sat) 4 Oct 2008 (W40),Bayer 04 Leverkusen (7),0-1,0-0,Hertha BSC (7)
7,(Sat) 4 Oct 2008 (W40),Bor. Mönchengladbach (7),1-2,1-1,1. FC Köln (7)
7,(Sat) 4 Oct 2008 (W40),VfB Stuttgart (7),4-1,2-0,Werder Bremen (7)
7,(Sun) 5 Oct 2008 (W40),Energie Cottbus (7),1-2,0-0,Hamburger SV (7)
7,(Sun) 5 Oct 2008 (W40),Borussia Dortmund (7),1-1,1-1,Hannover 96 (7)
7,(Sun) 5 Oct 2008 (W40),FC Schalke 04 (7),2-2,1-0,VfL Wolfsburg (7)
8,(Fri) 17 Oct 2008 (W42),VfL Bochum (8),2-2,0-1,Bor. Mönchengladbach (8)
8,(Sat) 18 Oct 2008 (W42),Eintracht Frankfurt (7),0-2,0-1,Bayer 04 Leverkusen (8)
8,(Sat) 18 Oct 2008 (W42),1. FC Köln (8),1-0,1-0,Energie Cottbus (8)
8,(Sat) 18 Oct 2008 (W42),Hannover 96 (8),2-5,0-1,TSG 1899 Hoffenheim (8)
8,(Sat) 18 Oct 2008 (W42),Hertha BSC (8),2-1,1-0,VfB Stuttgart (8)
8,(Sat) 18 Oct 2008 (W42),Karlsruher SC (7),0-1,0-0,Bayern München (8)
8,(Sat) 18 Oct 2008 (W42),Werder Bremen (8),3-3,0-0,Borussia Dortmund (8)
8,(Sat) 18 Oct 2008 (W42),VfL Wolfsburg (8),4-1,2-0,Arminia Bielefeld (8)
8,(Sun) 19 Oct 2008 (W42),Hamburger SV (8),1-1,1-0,FC Schalke 04 (8)
4,(Wed) 22 Oct 2008 (W43),Eintracht Frankfurt (8),2-1,0-0,Karlsruher SC (8)
9,(Fri) 24 Oct 2008 (W43),Bayer 04 Leverkusen (9),2-0,0-0,1. FC Köln (9)
9,(Sat) 25 Oct 2008 (W43),Bayern München (9),4-2,1-2,VfL Wolfsburg (9)
9,(Sat) 25 Oct 2008 (W43),Energie Cottbus (9),2-3,2-1,Eintracht Frankfurt (9)
9,(Sat) 25 Oct 2008 (W43),Hannover 96 (9),1-1,1-1,Werder Bremen (9)
9,(Sat) 25 Oct 2008 (W43),Bor. Mönchengladbach (9),1-0,0-0,Karlsruher SC (9)
9,(Sat) 25 Oct 2008 (W43),FC Schalke 04 (9),0-0,0-0,Arminia Bielefeld (9)
9,(Sun) 26 Oct 2008 (W43),Borussia Dortmund (9),1-1,0-1,Hertha BSC (9)
9,(Sun) 26 Oct 2008 (W43),TSG 1899 Hoffenheim (9),3-0,3-0,Hamburger SV (9)
9,(Sun) 26 Oct 2008 (W43),VfB Stuttgart (9),2-0,0-0,VfL Bochum (9)
10,(Tue) 28 Oct 2008 (W44),Arminia Bielefeld (10),1-1,0-1,Energie Cottbus (10)
10,(Tue) 28 Oct 2008 (W44),Karlsruher SC (10),0-3,0-2,FC Schalke 04 (10)
10,(Tue) 28 Oct 2008 (W44),Werder Bremen (10),0-2,0-0,Bayer 04 Leverkusen (10)
10,(Tue) 28 Oct 2008 (W44),VfL Wolfsburg (10),3-0,1-0,Bor. Mönchengladbach (10)
10,(Wed) 29 Oct 2008 (W44),VfL Bochum (10),1-3,1-0,TSG 1899 Hoffenheim (10)
10,(Wed) 29 Oct 2008 (W44),Eintracht Frankfurt (10),1-2,0-0,Bayern München (10)
10,(Wed) 29 Oct 2008 (W44),1. FC Köln (10),0-1,0-0,Borussia Dortmund (10)
10,(Wed) 29 Oct 2008 (W44),Hamburger SV (10),2-0,1-0,VfB Stuttgart (10)
10,(Wed) 29 Oct 2008 (W44),Hertha BSC (10),3-0,0-0,Hannover 96 (10)
11,(Fri) 31 Oct 2008 (W44),Bayer 04 Leverkusen (11),2-0,0-0,VfL Wolfsburg (11)
11,(Sat) 1 Nov 2008 (W44),Bayern München (11),3-1,1-1,Arminia Bielefeld (11)
11,(Sat) 1 Nov 2008 (W44),Energie Cottbus (11),0-2,0-0,FC Schalke 04 (11)
11,(Sat) 1 Nov 2008 (W44),Hannover 96 (11),3-0,2-0,Hamburger SV (11)
11,(Sat) 1 Nov 2008 (W44),TSG 1899 Hoffenheim (11),4-1,1-1,Karlsruher SC (11)
11,(Sat) 1 Nov 2008 (W44),VfB Stuttgart (11),1-3,0-1,1. FC Köln (11)
11,(Sat) 1 Nov 2008 (W44),Werder Bremen (11),5-1,3-0,Hertha BSC (11)
11,(Sun) 2 Nov 2008 (W44),Borussia Dortmund (11),1-1,1-1,VfL Bochum (11)
11,(Sun) 2 Nov 2008 (W44),Bor. Mönchengladbach (11),1-2,1-1,Eintracht Frankfurt (11)
12,(Fri) 7 Nov 2008 (W45),1. FC Köln (12),2-1,1-1,Hannover 96 (12)
12,(Sat) 8 Nov 2008 (W45),Arminia Bielefeld (12),0-2,0-1,Bor. Mönchengladbach (12)
12,(Sat) 8 Nov 2008 (W45),VfL Bochum (12),0-0,0-0,Werder Bremen (12)
12,(Sat) 8 Nov 2008 (W45),Hamburger SV (12),2-1,2-0,Borussia Dortmund (12)
12,(Sat) 8 Nov 2008 (W45),Karlsruher SC (12),3-3,1-3,Bayer 04 Leverkusen (12)
12,(Sat) 8 Nov 2008 (W45),VfL Wolfsburg (12),3-0,1-0,Energie Cottbus (12)
12,(Sun) 9 Nov 2008 (W45),Eintracht Frankfurt (12),2-2,1-0,VfB Stuttgart (12)
12,(Sun) 9 Nov 2008 (W45),Hertha BSC (12),1-0,0-0,TSG 1899 Hoffenheim (12)
12,(Sun) 9 Nov 2008 (W45),FC Schalke 04 (12),1-2,1-2,Bayern München (12)
13,(Fri) 14 Nov 2008 (W46),Hannover 96 (13),1-1,0-0,VfL Bochum (13)
13,(Sat) 15 Nov 2008 (W46),Energie Cottbus (13),1-0,0-0,Karlsruher SC (13)
13,(Sat) 15 Nov 2008 (W46),Borussia Dortmund (13),4-0,3-0,Eintracht Frankfurt (13)
13,(Sat) 15 Nov 2008 (W46),Hertha BSC (13),2-1,0-1,Hamburger SV (13)
13,(Sat) 15 Nov 2008 (W46),TSG 1899 Hoffenheim (13),3-2,2-2,VfL Wolfsburg (13)
13,(Sat) 15 Nov 2008 (W46),Bayer 04 Leverkusen (13),2-1,2-0,FC Schalke 04 (13)
13,(Sat) 15 Nov 2008 (W46),Bor. Mönchengladbach (13),2-2,0-1,Bayern München (13)
13,(Sat) 15 Nov 2008 (W46),VfB Stuttgart (13),0-0,0-0,Arminia Bielefeld (13)
13,(Sun) 16 Nov 2008 (W46),Werder Bremen (13),3-1,2-0,1. FC Köln (13)
14,(Fri) 21 Nov 2008 (W47),Karlsruher SC (14),0-1,0-1,Borussia Dortmund (14)
14,(Sat) 22 Nov 2008 (W47),Bayern München (14),4-1,2-1,Energie Cottbus (14)
14,(Sat) 22 Nov 2008 (W47),Arminia Bielefeld (14),2-1,0-0,Bayer 04 Leverkusen (14)
14,(Sat) 22 Nov 2008 (W47),VfL Bochum (14),2-3,0-3,Hertha BSC (14)
14,(Sat) 22 Nov 2008 (W47),Eintracht Frankfurt (14),4-0,2-0,Hannover 96 (14)
14,(Sat) 22 Nov 2008 (W47),1. FC Köln (14),1-3,0-1,TSG 1899 Hoffenheim (14)
14,(Sat) 22 Nov 2008 (W47),FC Schalke 04 (14),3-1,3-1,Bor. Mönchengladbach (14)
14,(Sat) 22 Nov 2008 (W47),VfL Wolfsburg (14),4-1,0-1,VfB Stuttgart (14)
14,(Sun) 23 Nov 2008 (W47),Hamburger SV (14),2-1,1-1,Werder Bremen (14)
15,(Fri) 28 Nov 2008 (W48),Hertha BSC (15),2-1,1-1,1. FC Köln (15)
15,(Sat) 29 Nov 2008 (W48),Hannover 96 (15),3-2,3-0,Karlsruher SC (15)
15,(Sat) 29 Nov 2008 (W48),TSG 1899 Hoffenheim (15),3-0,2-0,Arminia Bielefeld (15)
15,(Sat) 29 Nov 2008 (W48),Bayer 04 Leverkusen (15),0-2,0-0,Bayern München (15)
15,(Sat) 29 Nov 2008 (W48),Bor. Mönchengladbach (15),1-3,0-1,Energie Cottbus (15)
15,(Sat) 29 Nov 2008 (W48),Werder Bremen (15),5-0,3-0,Eintracht Frankfurt (15)
15,(Sun) 30 Nov 2008 (W48),VfL Bochum (15),1-1,1-0,Hamburger SV (15)
15,(Sun) 30 Nov 2008 (W48),Borussia Dortmund (15),0-0,0-0,VfL Wolfsburg (15)
15,(Sun) 30 Nov 2008 (W48),VfB Stuttgart (15),2-0,0-0,FC Schalke 04 (15)
16,(Fri) 5 Dec 2008 (W49),Bayern München (16),2-1,0-0,TSG 1899 Hoffenheim (16)
16,(Sat) 6 Dec 2008 (W49),Arminia Bielefeld (16),0-0,0-0,Borussia Dortmund (16)
16,(Sat) 6 Dec 2008 (W49),Energie Cottbus (16),0-3,0-1,VfB Stuttgart (16)
16,(Sat) 6 Dec 2008 (W49),Eintracht Frankfurt (16),4-0,2-0,VfL Bochum (16)
16,(Sat) 6 Dec 2008 (W49),Karlsruher SC (16),1-0,0-0,Werder Bremen (16)
16,(Sat) 6 Dec 2008 (W49),Bor. Mönchengladbach (16),1-3,0-2,Bayer 04 Leverkusen (16)
16,(Sat) 6 Dec 2008 (W49),FC Schalke 04 (16),1-0,0-0,Hertha BSC (16)
16,(Sun) 7 Dec 2008 (W49),1. FC Köln (16),1-2,0-2,Hamburger SV (16)
16,(Sun) 7 Dec 2008 (W49),VfL Wolfsburg (16),2-1,1-0,Hannover 96 (16)
17,(Fri) 12 Dec 2008 (W50),Borussia Dortmund (17),2-1,1-0,Bor. Mönchengladbach (17)
17,(Sat) 13 Dec 2008 (W50),VfL Bochum (17),1-2,0-1,1. FC Köln (17)
17,(Sat) 13 Dec 2008 (W50),Hamburger SV (17),1-0,0-0,Eintracht Frankfurt (17)
17,(Sat) 13 Dec 2008 (W50),Hannover 96 (17),1-1,1-0,Arminia Bielefeld (17)
17,(Sat) 13 Dec 2008 (W50),Hertha BSC (17),4-0,1-0,Karlsruher SC (17)
17,(Sat) 13 Dec 2008 (W50),Bayer 04 Leverkusen (17),1-1,0-0,Energie Cottbus (17)
17,(Sat) 13 Dec 2008 (W50),VfB Stuttgart (17),2-2,1-0,Bayern München (17)
17,(Sat) 13 Dec 2008 (W50),Werder Bremen (17),2-1,1-1,VfL Wolfsburg (17)
17,(Sun) 14 Dec 2008 (W50),TSG 1899 Hoffenheim (17),1-1,0-1,FC Schalke 04 (17)
18,(Fri) 30 Jan 2009 (W5),Hamburger SV (18),1-0,1-0,Bayern München (18)
18,(Sat) 31 Jan 2009 (W5),Borussia Dortmund (18),1-1,1-0,Bayer 04 Leverkusen (18)
18,(Sat) 31 Jan 2009 (W5),1. FC Köln (18),1-1,1-0,VfL Wolfsburg (18)
18,(Sat) 31 Jan 2009 (W5),Hannover 96 (18),1-0,1-0,FC Schalke 04 (18)
18,(Sat) 31 Jan 2009 (W5),Hertha BSC (18),2-1,1-0,Eintracht Frankfurt (18)
18,(Sat) 31 Jan 2009 (W5),TSG 1899 Hoffenheim (18),2-0,1-0,Energie Cottbus (18)
18,(Sat) 31 Jan 2009 (W5),VfB Stuttgart (18),2-0,0-0,Bor. Mönchengladbach (18)
18,(Sun) 1 Feb 2009 (W5),VfL Bochum (18),2-0,1-0,Karlsruher SC (18)
18,(Sun) 1 Feb 2009 (W5),Werder Bremen (18),1-2,1-1,Arminia Bielefeld (18)
19,(Fri) 6 Feb 2009 (W6),Arminia Bielefeld (19),1-1,1-1,Hertha BSC (19)
19,(Sat) 7 Feb 2009 (W6),Eintracht Frankfurt (19),2-2,1-0,1. FC Köln (19)
19,(Sat) 7 Feb 2009 (W6),Karlsruher SC (19),3-2,0-1,Hamburger SV (19)
19,(Sat) 7 Feb 2009 (W6),Bayer 04 Leverkusen (19),2-4,0-1,VfB Stuttgart (19)
19,(Sat) 7 Feb 2009 (W6),Bor. Mönchengladbach (19),1-1,1-0,TSG 1899 Hoffenheim (19)
19,(Sat) 7 Feb 2009 (W6),FC Schalke 04 (19),1-0,0-0,Werder Bremen (19)
19,(Sat) 7 Feb 2009 (W6),VfL Wolfsburg (19),2-0,1-0,VfL Bochum (19)
19,(Sun) 8 Feb 2009 (W6),Bayern München (19),3-1,1-1,Borussia Dortmund (19)
19,(Sun) 8 Feb 2009 (W6),Energie Cottbus (19),3-1,1-0,Hannover 96 (19)
20,(Fri) 13 Feb 2009 (W7),TSG 1899 Hoffenheim (20),1-4,1-3,Bayer 04 Leverkusen (20)
20,(Sat) 14 Feb 2009 (W7),VfL Bochum (20),2-1,1-1,FC Schalke 04 (20)
20,(Sat) 14 Feb 2009 (W7),Eintracht Frankfurt (20),0-2,0-1,VfL Wolfsburg (20)
20,(Sat) 14 Feb 2009 (W7),1. FC Köln (20),0-0,0-0,Karlsruher SC (20)
20,(Sat) 14 Feb 2009 (W7),Hannover 96 (20),3-3,2-2,VfB Stuttgart (20)
20,(Sat) 14 Feb 2009 (W7),Hertha BSC (20),2-1,1-0,Bayern München (20)
20,(Sat) 14 Feb 2009 (W7),Werder Bremen (20),1-1,0-0,Bor. Mönchengladbach (20)
20,(Sun) 15 Feb 2009 (W7),Borussia Dortmund (20),1-1,1-1,Energie Cottbus (20)
20,(Sun) 15 Feb 2009 (W7),Hamburger SV (20),2-0,1-0,Arminia Bielefeld (20)
21,(Fri) 20 Feb 2009 (W8),FC Schalke 04 (21),1-1,1-0,Borussia Dortmund (21)
21,(Sat) 21 Feb 2009 (W8),Bayern München (21),1-2,0-2,1. FC Köln (21)
21,(Sat) 21 Feb 2009 (W8),Arminia Bielefeld (21),1-1,0-1,VfL Bochum (21)
21,(Sat) 21 Feb 2009 (W8),Energie Cottbus (21),2-1,0-0,Werder Bremen (21)
21,(Sat) 21 Feb 2009 (W8),Karlsruher SC (21),0-1,0-0,Eintracht Frankfurt (21)
21,(Sat) 21 Feb 2009 (W8),Bor. Mönchengladbach (21),3-2,2-0,Hannover 96 (21)
21,(Sat) 21 Feb 2009 (W8),VfB Stuttgart (21),3-3,2-2,TSG 1899 Hoffenheim (21)
21,(Sat) 21 Feb 2009 (W8),VfL Wolfsburg (21),2-1,0-0,Hertha BSC (21)
21,(Sun) 22 Feb 2009 (W8),Bayer 04 Leverkusen (21),1-2,1-1,Hamburger SV (21)
22,(Fri) 27 Feb 2009 (W9),1. FC Köln (22),1-1,1-1,Arminia Bielefeld (22)
22,(Sat) 28 Feb 2009 (W9),VfL Bochum (22),3-2,1-1,Energie Cottbus (22)
22,(Sat) 28 Feb 2009 (W9),Borussia Dortmund (22),0-0,0-0,TSG 1899 Hoffenheim (22)
22,(Sat) 28 Feb 2009 (W9),Eintracht Frankfurt (22),1-2,0-1,FC Schalke 04 (22)
22,(Sat) 28 Feb 2009 (W9),Hannover 96 (22),1-0,1-0,Bayer 04 Leverkusen (22)
22,(Sat) 28 Feb 2009 (W9),Hertha BSC (22),2-1,2-0,Bor. Mönchengladbach (22)
22,(Sun) 1 Mar 2009 (W9),Hamburger SV (22),1-3,0-2,VfL Wolfsburg (22)
22,(Sun) 1 Mar 2009 (W9),Karlsruher SC (22),0-2,0-0,VfB Stuttgart (22)
22,(Sun) 1 Mar 2009 (W9),Werder Bremen (22),0-0,0-0,Bayern München (22)
23,(Fri) 6 Mar 2009 (W10),FC Schalke 04 (23),1-0,1-0,1. FC Köln (23)
23,(Sat) 7 Mar 2009 (W10),Bayern München (23),5-1,3-1,Hannover 96 (23)
23,(Sat) 7 Mar 2009 (W10),Energie Cottbus (23),1-3,1-2,Hertha BSC (23)
23,(Sat) 7 Mar 2009 (W10),TSG 1899 Hoffenheim (23),0-0,0-0,Werder Bremen (23)
23,(Sat) 7 Mar 2009 (W10),Bor. Mönchengladbach (23),4-1,2-1,Hamburger SV (23)
23,(Sat) 7 Mar 2009 (W10),VfB Stuttgart (23),2-1,1-0,Borussia Dortmund (23)
23,(Sat) 7 Mar 2009 (W10),VfL Wolfsburg (23),1-0,1-0,Karlsruher SC (23)
23,(Sun) 8 Mar 2009 (W10),Arminia Bielefeld (23),0-0,0-0,Eintracht Frankfurt (23)
23,(Sun) 8 Mar 2009 (W10),Bayer 04 Leverkusen (23),1-1,0-1,VfL Bochum (23)
24,(Fri) 13 Mar 2009 (W11),VfL Wolfsburg (24),4-3,2-1,FC Schalke 04 (24)
24,(Sat) 14 Mar 2009 (W11),VfL Bochum (24),0-3,0-1,Bayern München (24)
24,(Sat) 14 Mar 2009 (W11),Eintracht Frankfurt (24),1-1,0-1,TSG 1899 Hoffenheim (24)
24,(Sat) 14 Mar 2009 (W11),1. FC Köln (24),2-4,0-2,Bor. Mönchengladbach (24)
24,(Sat) 14 Mar 2009 (W11),Hannover 96 (24),4-4,1-2,Borussia Dortmund (24)
24,(Sat) 14 Mar 2009 (W11),Hertha BSC (24),1-0,0-0,Bayer 04 Leverkusen (24)
24,(Sat) 14 Mar 2009 (W11),Karlsruher SC (24),0-1,0-0,Arminia Bielefeld (24)
24,(Sun) 15 Mar 2009 (W11),Hamburger SV (24),2-0,2-0,Energie Cottbus (24)
24,(Sun) 15 Mar 2009 (W11),Werder Bremen (24),4-0,1-0,VfB Stuttgart (24)
25,(Fri) 20 Mar 2009 (W12),Bor. Mönchengladbach (25),0-1,0-1,VfL Bochum (25)
25,(Sat) 21 Mar 2009 (W12),Bayern München (25),1-0,1-0,Karlsruher SC (25)
25,(Sat) 21 Mar 2009 (W12),Arminia Bielefeld (25),0-3,0-1,VfL Wolfsburg (25)
25,(Sat) 21 Mar 2009 (W12),Energie Cottbus (25),0-2,0-0,1. FC Köln (25)
25,(Sat) 21 Mar 2009 (W12),Borussia Dortmund (25),1-0,0-0,Werder Bremen (25)
25,(Sat) 21 Mar 2009 (W12),TSG 1899 Hoffenheim (25),2-2,1-1,Hannover 96 (25)
25,(Sat) 21 Mar 2009 (W12),Bayer 04 Leverkusen (25),1-1,1-1,Eintracht Frankfurt (25)
25,(Sat) 21 Mar 2009 (W12),VfB Stuttgart (25),2-0,0-0,Hertha BSC (25)
25,(Sun) 22 Mar 2009 (W12),FC Schalke 04 (25),1-2,0-0,Hamburger SV (25)
26,(Fri) 3 Apr 2009 (W14),Arminia Bielefeld (26),0-2,0-1,FC Schalke 04 (26)
26,(Sat) 4 Apr 2009 (W14),VfL Bochum (26),1-2,0-0,VfB Stuttgart (26)
26,(Sat) 4 Apr 2009 (W14),Eintracht Frankfurt (26),2-1,1-1,Energie Cottbus (26)
26,(Sat) 4 Apr 2009 (W14),Hamburger SV (26),1-0,1-0,TSG 1899 Hoffenheim (26)
26,(Sat) 4 Apr 2009 (W14),Hertha BSC (26),1-3,0-1,Borussia Dortmund (26)
26,(Sat) 4 Apr 2009 (W14),VfL Wolfsburg (26),5-1,1-1,Bayern München (26)
26,(Sun) 5 Apr 2009 (W14),1. FC Köln (26),0-2,0-0,Bayer 04 Leverkusen (26)
26,(Sun) 5 Apr 2009 (W14),Karlsruher SC (26),0-0,0-0,Bor. Mönchengladbach (26)
26,(Sun) 5 Apr 2009 (W14),Werder Bremen (26),4-1,1-0,Hannover 96 (26)
27,(Sat) 11 Apr 2009 (W15),Bayern München (27),4-0,3-0,Eintracht Frankfurt (27)
27,(Sat) 11 Apr 2009 (W15),Energie Cottbus (27),2-1,1-0,Arminia Bielefeld (27)
27,(Sat) 11 Apr 2009 (W15),Borussia Dortmund (27),3-1,1-1,1. FC Köln (27)
27,(Sat) 11 Apr 2009 (W15),Hannover 96 (27),2-0,1-0,Hertha BSC (27)
27,(Sat) 11 Apr 2009 (W15),TSG 1899 Hoffenheim (27),0-3,0-1,VfL Bochum (27)
27,(Sat) 11 Apr 2009 (W15),Bor. Mönchengladbach (27),1-2,0-1,VfL Wolfsburg (27)
27,(Sat) 11 Apr 2009 (W15),FC Schalke 04 (27),2-0,1-0,Karlsruher SC (27)
27,(Sun) 12 Apr 2009 (W15),Bayer 04 Leverkusen (27),1-1,1-1,Werder Bremen (27)
27,(Sun) 12 Apr 2009 (W15),VfB Stuttgart (27),1-0,0-0,Hamburger SV (27)
28,(Fri) 17 Apr 2009 (W16),FC Schalke 04 (28),4-0,2-0,Energie Cottbus (28)
28,(Sat) 18 Apr 2009 (W16),Arminia Bielefeld (28),0-1,0-0,Bayern München (28)
28,(Sat) 18 Apr 2009 (W16),VfL Bochum (28),0-2,0-1,Borussia Dortmund (28)
28,(Sat) 18 Apr 2009 (W16),Eintracht Frankfurt (28),4-1,1-0,Bor. Mönchengladbach (28)
28,(Sat) 18 Apr 2009 (W16),1. FC Köln (28),0-3,0-1,VfB Stuttgart (28)
28,(Sat) 18 Apr 2009 (W16),Karlsruher SC (28),2-2,1-1,TSG 1899 Hoffenheim (28)
28,(Sat) 18 Apr 2009 (W16),VfL Wolfsburg (28),2-1,1-0,Bayer 04 Leverkusen (28)
28,(Sun) 19 Apr 2009 (W16),Hamburger SV (28),2-1,1-0,Hannover 96 (28)
28,(Sun) 19 Apr 2009 (W16),Hertha BSC (28),2-1,0-1,Werder Bremen (28)
29,(Fri) 24 Apr 2009 (W17),TSG 1899 Hoffenheim (29),0-1,0-1,Hertha BSC (29)
29,(Sat) 25 Apr 2009 (W17),Bayern München (29),0-1,0-1,FC Schalke 04 (29)
29,(Sat) 25 Apr 2009 (W17),Borussia Dortmund (29),2-0,1-0,Hamburger SV (29)
29,(Sat) 25 Apr 2009 (W17),Hannover 96 (29),2-1,2-0,1. FC Köln (29)
29,(Sat) 25 Apr 2009 (W17),Bayer 04 Leverkusen (29),0-1,0-0,Karlsruher SC (29)
29,(Sat) 25 Apr 2009 (W17),VfB Stuttgart (29),2-0,1-0,Eintracht Frankfurt (29)
29,(Sat) 25 Apr 2009 (W17),Werder Bremen (29),3-2,0-2,VfL Bochum (29)
29,(Sun) 26 Apr 2009 (W17),Energie Cottbus (29),2-0,0-0,VfL Wolfsburg (29)
29,(Sun) 26 Apr 2009 (W17),Bor. Mönchengladbach (29),1-1,1-1,Arminia Bielefeld (29)
30,(Fri) 1 May 2009 (W18),VfL Bochum (30),0-2,0-2,Hannover 96 (30)
30,(Sat) 2 May 2009 (W18),Bayern München (30),2-1,2-1,Bor. Mönchengladbach (30)
30,(Sat) 2 May 2009 (W18),Arminia Bielefeld (30),2-2,1-2,VfB Stuttgart (30)
30,(Sat) 2 May 2009 (W18),Eintracht Frankfurt (30),0-2,0-0,Borussia Dortmund (30)
30,(Sat) 2 May 2009 (W18),Karlsruher SC (30),0-0,0-0,Energie Cottbus (30)
30,(Sat) 2 May 2009 (W18),FC Schalke 04 (30),1-2,0-2,Bayer 04 Leverkusen (30)
30,(Sat) 2 May 2009 (W18),VfL Wolfsburg (30),4-0,0-0,TSG 1899 Hoffenheim (30)
30,(Sun) 3 May 2009 (W18),1. FC Köln (30),1-0,0-0,Werder Bremen (30)
30,(Sun) 3 May 2009 (W18),Hamburger SV (30),1-1,1-0,Hertha BSC (30)
31,(Fri) 8 May 2009 (W19),Bayer 04 Leverkusen (31),2-2,1-2,Arminia Bielefeld (31)
31,(Sat) 9 May 2009 (W19),Energie Cottbus (31),1-3,1-1,Bayern München (31)
31,(Sat) 9 May 2009 (W19),Borussia Dortmund (31),4-0,1-0,Karlsruher SC (31)
31,(Sat) 9 May 2009 (W19),Hannover 96 (31),1-1,1-1,Eintracht Frankfurt (31)
31,(Sat) 9 May 2009 (W19),Hertha BSC (31),2-0,1-0,VfL Bochum (31)
31,(Sat) 9 May 2009 (W19),TSG 1899 Hoffenheim (31),2-0,0-0,1. FC Köln (31)
31,(Sat) 9 May 2009 (W19),VfB Stuttgart (31),4-1,2-1,VfL Wolfsburg (31)
31,(Sun) 10 May 2009 (W19),Bor. Mönchengladbach (31),1-0,0-0,FC Schalke 04 (31)
31,(Sun) 10 May 2009 (W19),Werder Bremen (31),2-0,1-0,Hamburger SV (31)
32,(Tue) 12 May 2009 (W20),Bayern München (32),3-0,0-0,Bayer 04 Leverkusen (32)
32,(Tue) 12 May 2009 (W20),1. FC Köln (32),1-2,0-1,Hertha BSC (32)
32,(Tue) 12 May 2009 (W20),Karlsruher SC (32),2-3,2-2,Hannover 96 (32)
32,(Tue) 12 May 2009 (W20),VfL Wolfsburg (32),3-0,1-0,Borussia Dortmund (32)
32,(Wed) 13 May 2009 (W20),Arminia Bielefeld (32),0-2,0-1,TSG 1899 Hoffenheim (32)
32,(Wed) 13 May 2009 (W20),Energie Cottbus (32),0-1,0-0,Bor. Mönchengladbach (32)
32,(Wed) 13 May 2009 (W20),Eintracht Frankfurt (32),0-5,0-0,Werder Bremen (32)
32,(Wed) 13 May 2009 (W20),Hamburger SV (32),3-1,2-0,VfL Bochum (32)
32,(Wed) 13 May 2009 (W20),FC Schalke 04 (32),1-2,1-1,VfB Stuttgart (32)
33,(Sat) 16 May 2009 (W20),VfL Bochum (33),2-0,1-0,Eintracht Frankfurt (33)
33,(Sat) 16 May 2009 (W20),Borussia Dortmund (33),6-0,1-0,Arminia Bielefeld (33)
33,(Sat) 16 May 2009 (W20),Hamburger SV (33),0-1,0-1,1. FC Köln (33)
33,(Sat) 16 May 2009 (W20),Hannover 96 (33),0-5,0-3,VfL Wolfsburg (33)
33,(Sat) 16 May 2009 (W20),Hertha BSC (33),0-0,0-0,FC Schalke 04 (33)
33,(Sat) 16 May 2009 (W20),TSG 1899 Hoffenheim (33),2-2,2-2,Bayern München (33)
33,(Sat) 16 May 2009 (W20),Bayer 04 Leverkusen (33),5-0,2-0,Bor. Mönchengladbach (33)
33,(Sat) 16 May 2009 (W20),VfB Stuttgart (33),2-0,1-0,Energie Cottbus (33)
33,(Sat) 16 May 2009 (W20),Werder Bremen (33),1-3,0-2,Karlsruher SC (33)
34,(Sat) 23 May 2009 (W21),Bayern München (34),2-1,1-0,VfB Stuttgart (34)
34,(Sat) 23 May 2009 (W21),Arminia Bielefeld (34),2-2,1-0,Hannover 96 (34)
34,(Sat) 23 May 2009 (W21),Energie Cottbus (34),3-0,0-0,Bayer 04 Leverkusen (34)
34,(Sat) 23 May 2009 (W21),Eintracht Frankfurt (34),2-3,0-1,Hamburger SV (34)
34,(Sat) 23 May 2009 (W21),1. FC Köln (34),1-1,1-1,VfL Bochum (34)
34,(Sat) 23 May 2009 (W21),Karlsruher SC (34),4-0,2-0,Hertha BSC (34)
34,(Sat) 23 May 2009 (W21),Bor. Mönchengladbach (34),1-1,0-0,Borussia Dortmund (34)
34,(Sat) 23 May 2009 (W21),FC Schalke 04 (34),2-3,2-1,TSG 1899 Hoffenheim (34)
34,(Sat) 23 May 2009 (W21),VfL Wolfsburg (34),5-1,3-1,Werder Bremen (34)
